video_id,title,published_at,channel_id,channel_title,view_count,like_count,category,comment_count
fEeltzGEakE,Bloqueio de Ormuz: Navios chineses teriam atravessado estreito; EUA negam | #SBTBrasil,2026-04-15 01:14:44+00:00,UC376n347Ob5Lwzq2WGzF1AA,SBT News,10348,110,News & Politics,5
6YOgXR2e-jE,EUA faz algo INACREDITÁVEL no Estreito de Ormuz e Irã recua,2026-04-14 10:00:14+00:00,UCmFO-xaAO-h_smlamxX_oog,Oracle Eyes em Português,16810,1027,News & Politics,28
7YkIppjrrQE,EUA ampliam presença militar e aumentam tensão no Estreito de Ormuz | ANÁLISE EXCLUSIVA,2026-04-13 19:37:55+00:00,UCY-FPXguTtLHSTK5YpQ-sgQ,TIMES BRASIL - LICENCIADO EXCLUSIVO CNBC,11761,186,News & Politics,35
4DMSvwSc7HI,Irã promete resposta letal se EUA bloquearem Estreito de Ormuz e alerta sobre alta dos combustíveis,2026-04-13 12:35:10+00:00,UCbiGwU0-W1XCDUrt3BTVrag,Rádio CBN,13623,265,News & Politics,51
f8-VTdqEn6E,Irã anuncia que voltou a fechar o estreito de Ormuz após bloqueio dos EUA a navios iranianos,2026-04-19 00:24:37+00:00,UCmpHPgeCBgvk_fDXZQKsnAA,Jornal da Record,6081,464,News & Politics,0
c0c6KiiRe50,JN: Irã volta a fechar o Estreito de Ormuz e ataca navios; Trump diz que não aceitará chantagem,2026-04-18 23:46:53+00:00,UCaGmdJSSiR7fkh2A-c6emsA,g1,57243,1167,News & Politics,137
h-1PzcoY37I,Irã fechou novamente o estreito de Ormuz!,2026-04-18 23:21:01+00:00,UC6lE5IXws0T6361qAOI-5tQ,MundoSobTensão,1939,124,News & Politics,0
cWXZXG-HtY8,Estreito de Ormuz é fechado após ataques a navios petroleiros | Jornal da Band,2026-04-18 22:43:53+00:00,UCoa-D_VfMkFrCYodrOC9-mA,Band Jornalismo,125822,1440,People & Blogs,145
ozmHvXOkIfQ,"Irã volta a fechar Estreito de Ormuz, atira em petroleiros e diz que palavras de Trump sobre rota 'n",2026-04-18 22:14:51+00:00,UCI8KHs5kAkQ_iIW-s3Mb66w,Giro da Verdade,1109,39,News & Politics,0
tWYhb9Morew,Irã volta a impor controle militar rigoroso no Estreito de Ormuz e acusa EUA de pirataria Teerã,2026-04-18 22:11:28+00:00,UClP92fueChggRXMFfbBjb7w,Radar Global | Poder & Dinheiro,909,27,People & Blogs,1
VfQEsbyTHfY,A abertura do Estreito Ormuz,2026-04-18 21:31:58+00:00,UCRWECuKfsH3EpZoYaT50noA,O Mundo em Movimento,330,7,News & Politics,0
ILyz9XJSVhE,ISRAEL E LÍBANO ANUNCIAM CESSAR-FOGO E IRÃ REABRE ESTREITO DE ORMUZ | JP INTERNACIONAL - 18/04/26,2026-04-18 20:30:06+00:00,UCP391YRAjSOdM_bwievgaZA,Jovem Pan News,7405,211,News & Politics,7
3Fq_gzuigQU,AH-64 domina estreito de Ormuz,2026-04-18 19:16:54+00:00,UCw0UyK__by_mQZOAs1-mkMA,Notícias Militares BR GO,1226,0,Science & Technology,1
vPwqzT3_Qzg,TRUMP ACUSA IRÃ DE 'CHANTAGEM NO ESTREITO DE ORMUZ,2026-04-18 19:10:00+00:00,UC9T0ZAarQHL4cJGFzORVsFg,Itatiaia,9381,276,News & Politics,13
AU8iSXnbdAM,Irã volta a fechar o estreito de Ormuz,2026-04-18 18:44:24+00:00,UCaGmdJSSiR7fkh2A-c6emsA,g1,197488,2945,News & Politics,379
EvkCDsMRCfY,Irã ameaça fechar Estreito de Ormuz,2026-04-18 18:25:05+00:00,UCBJyWBdEYbPuE5JuN4_zfJg,Mundo News,3499,16,News & Politics,0
y7yqmS9sCj8,"​""O PETRÓLEO VAI SUBIR? 🚨 Irã fecha Estreito de Ormuz e o caos começa!""",2026-04-18 17:25:30+00:00,UCY_5_-LX9saSIWnwojfC95w,Brasil 24 horas SP ,840,25,Entertainment,0
wbu5Baq9Tag,“Trump é mentiroso” - Irã fecha estreito de Ormuz! Ataque a agente ONU no Líbano: fim cessar-fogo?!,2026-04-18 17:20:00+00:00,UCT6Imb3GXhF8GmjpIk6y2lg,Professor Ricardo Marcílio,62730,5961,Education,517
6J51d77bJj4,"Radio Raros Amigos! Estreito Ormuz Fechado! WW3, Episódio 50.",2026-04-18 17:09:03+00:00,UChhrfK5UUSUVq7v-3KspvZg,Hoje No Marcelo Militar,423,71,Comedy,1
ktr_S2K1R54,AGORA: Irã fecha o Estreito de Ormuz de novo. O cessar-fogo colapsou?,2026-04-18 16:37:11+00:00,UCvNURf4LtS8uvF_MjKp4Bgw,The Black Candle,627,35,People & Blogs,5
aLsfyx-RJ5g,Embarcações voltam a desviar do Estreito de Ormuz após bloqueio do Irã | InfoMoney News,2026-04-18 16:12:22+00:00,UCxm0tptjIc76-i26EKQ9NpA,InfoMoney,9580,55,News & Politics,15
TEIr_LTu8jg,URGENTE | IRÃ FECHA O ESTREITO DE ORMUZ MAIS UMA VEZ! TAMBORES DA GUERRA RUFAM NOVAMENTE!,2026-04-18 15:15:19+00:00,UClSt_VdYpCb77r_N6f0cAwA,Geoforça Brasil - Rubem Gonzalez,12900,1906,Entertainment,81
jndM5NaPk7Q,Estreito de Ormuz Aberto? A Verdade Chocante! 🚢,2026-04-18 15:14:59+00:00,UCDPoO0c3PtTMajf6wbTquiA,cortes na massa ,864,36,Film & Animation,0
eyKN5EzbFaE,Irã fecha Estreito de Ormuz e aumenta tensão: o que isso significa para o mundo? #notícias #guerra,2026-04-18 15:01:07+00:00,UCFgW6JxmswGe2tv9IMwMrEQ,CANAL SENADO,649,24,News & Politics,1
PWcYBsNzsl8,Lanchas iranianas disparam contra petroleiro no Estreito de Ormuz | AGORA CNN,2026-04-18 14:57:19+00:00,UCvdwhh_fDyWccR42-rReZLw,CNN Brasil,76871,1091,News & Politics,156
Qck-1i9QV9g,Irã dispara contra petroleiro no Estreito de Ormuz após fechar passagem,2026-04-18 14:23:44+00:00,UCoa-D_VfMkFrCYodrOC9-mA,Band Jornalismo,84396,887,News & Politics,150
_r0rujzTiRY,Irã volta a bloquear Estreito de Ormuz e eleva tensão com EUA | InfoMoney News,2026-04-18 14:18:14+00:00,UCxm0tptjIc76-i26EKQ9NpA,InfoMoney,10231,192,News & Politics,54
xRKLzS533Oc,Irã retoma bloqueio do Estreito de Ormuz em resposta à restrição dos EUA a seus portos | #NewsSábado,2026-04-18 13:40:29+00:00,UC376n347Ob5Lwzq2WGzF1AA,SBT News,52042,877,News & Politics,106
Tf7SNJKy7q4,Além do Estreito de Ormuz: A Armadilha Geológica que Pode Parar a Engenharia Moderna,2026-04-18 13:03:57+00:00,UCJvNZxRp_JUK3cZjuPP3PyA,Terra Sob Sigilo,18122,496,Education,8
dHMHFqsAN0M,Veja situação do Estreito de Ormuz após bloqueio neste sábado (18) | AGORA CNN,2026-04-18 13:01:29+00:00,UCvdwhh_fDyWccR42-rReZLw,CNN Brasil,13989,250,News & Politics,33
cJuxOBFuR90,Irã volta a fechar o Estreito de Ormuz e eleva tensão contra os EUA,2026-04-18 12:45:48+00:00,UCoa-D_VfMkFrCYodrOC9-mA,Band Jornalismo,5739,113,People & Blogs,18
RJEZSt-7m3Q,Estreito de Ormuz novamente fechado: «Bloqueio americano causa prejuízos muito significativos»,2026-04-18 12:17:18+00:00,UCsEC-wMKyvx5EIxKHsG0q3g,NOW Canal,2928,86,News & Politics,9
IQAtqj1M_-4,Irã volta a fechar estreito de Ormuz,2026-04-18 11:41:57+00:00,UCP391YRAjSOdM_bwievgaZA,Jovem Pan News,102241,1926,News & Politics,306
43DrKD1T14I,Daniel Davis: Última Hora – Irã Reabre o Estreito de Ormuz,2026-04-18 06:47:26+00:00,UCr_nQ_3R3AeBj_9nwDNt8cg,Glenn Diesen Português,7875,1084,People & Blogs,24
6FYUuiMlFWY,Preço do petróleo cai após a reabertura do estreito Ormuz (17/04/2026),2026-04-18 02:11:22+00:00,UClOyTBTsB28niP6_qF7MKCw,cenasflix 150 filmes,4,0,People & Blogs,0
2uRe7PHFLBU,Irã anuncia abertura total do estreito de Ormuz enquanto estiver valendo cessar-fogo com os EUA,2026-04-18 02:09:34+00:00,UCmpHPgeCBgvk_fDXZQKsnAA,Jornal da Record,6451,110,News & Politics,0
RMWprSD93as,Irã anuncia reabertura do Estreito de Ormuz após trégua no Líbano | WW,2026-04-18 02:07:25+00:00,UCvdwhh_fDyWccR42-rReZLw,CNN Brasil,40276,239,News & Politics,27
tGQLWELEBKk,Fim do acordo: estreito de Ormuz será fechado e Irã não abre mão de ser nuclear,2026-04-18 02:03:09+00:00,UCzc8wM5icV7fr0yGu2q9Cuw,Leonardo Stoppa,32458,1964,Education,95
5mgvfXxy5PA,Análise: Abertura do Estreito de Ormuz é apenas encenação | CNN PRIME TIME,2026-04-18 00:37:05+00:00,UCvdwhh_fDyWccR42-rReZLw,CNN Brasil,42299,852,News & Politics,96
ibVcV0V2CFs,JN: Irã reabre Estreito de Ormuz após cessar-fogo no Líbano,2026-04-18 00:22:47+00:00,UCaGmdJSSiR7fkh2A-c6emsA,g1,50377,759,News & Politics,69
Q6W7jKlr8qQ,Estreito #ormuz #noticias,2026-04-17 23:54:05+00:00,UCHQqErmKp0CRqlVSsIzISvw,breaknewsMUNDO,4,1,News & Politics,0
6KvOy0XipNw,"Irã abre Estreito de Ormuz, Bolsa rumo aos 250 mil pontos e XP Asset reestrutura operação | NeoFeed",2026-04-17 23:16:37+00:00,UCSSxET1O-51ncIbYJxI6BIQ,NeoFeed Brasil,451,27,News & Politics,0
I58y8LnR8RE,Reabertura do estreito de Ormuz faz preço do petróleo despencar  | Jornal da Band,2026-04-17 23:15:28+00:00,UCoa-D_VfMkFrCYodrOC9-mA,Band Jornalismo,8774,146,People & Blogs,8
mTjmoLUXkoc,Irã ameaça fechar Estreito de Ormuz se condição dos EUA persistir,2026-04-17 23:00:00+00:00,UCe1XGNDeEwAx5xaLGcNPEbQ,TV Jornal SBT,8900,176,People & Blogs,17
BWxwEUtJptE,🚨 ORMUZ REABRIU… MAS O PERIGO NÃO ACABOU,2026-04-17 21:24:17+00:00,UCecSnlzarL32GETO0_coV3Q,INVESTCHE,919,23,Gaming,0
N-_48IACaug,🚨 MUDOU TUDO! IRÃ REABRE O ESTREITO DE ORMUZ!,2026-04-17 20:55:27+00:00,UCKi7_Lm_jcZNWcYz2ydzTVg,Dossiê Global Oficial,2641,20,People & Blogs,2
yp0IO5RbYAg,Preço do petróleo cai após anúncio da reabertura do estreito de Ormuz,2026-04-17 20:21:28+00:00,UCmpHPgeCBgvk_fDXZQKsnAA,Jornal da Record,19436,239,News & Politics,0
CoMtPRKyFDk,Reabertura do Estreito de Ormuz: impactos no petróleo e reflexos na economia brasileira,2026-04-17 20:09:49+00:00,UCY-FPXguTtLHSTK5YpQ-sgQ,TIMES BRASIL - LICENCIADO EXCLUSIVO CNBC,2031,62,News & Politics,4
74uMgncM0FQ,AO VIVO: IRÃ LIBERA PASSAGEM DE NAVIOS COMERCIAIS PELO ESTREITO DE ORMUZ - 17/04/2026 | CNN MONEY,2026-04-17 20:08:17+00:00,UCqfm5IQhpMlfeAWMmVL_uNg,CNN Brasil Money,3217,59,News & Politics,0
vYHTlmJ0xE4,ESTREITO DE ORMUZ ABERTO! A FARSA DE TRUMP,2026-04-17 20:00:46+00:00,UCv-QXC04JCxklAUQQe9vCuQ,Prof. JeanGrafia | GabaritaGeo | ,43159,5163,Education,227
gu49xnNFvcU,ESTREITO DE ORMUZ REABERTO! A guerra acabou? O que acontece agora?,2026-04-17 19:12:55+00:00,UCuPdSHp1Da8Jxz2nGPJ7jfw,Antonio Stein,119,11,News & Politics,2
khqcGf8TxkE,ORMUZ: O BLOQUEIO QUE PAROU O PETROLEO DO MUNDO #Ormuz #EUA,2026-04-17 18:54:07+00:00,UCZa-McTJuPb_RMZ0zSAHO7g,Observatório da Guerra,4,1,Education,0
eKS32lN7bYQ,Trump: “Estreito de Ormuz está aberto”! Fim da guerra? E programa nuclear do Irã? Tarifas em Ormuz?,2026-04-17 18:45:00+00:00,UCT6Imb3GXhF8GmjpIk6y2lg,Professor Ricardo Marcílio,68017,5824,Education,418
0d_CryJS190,ESTREITO DE ORMUZ ESTÁ ABERTO  GIRO DE NOTÍCIAS com Thiago Suman e Luiz Portinho,2026-04-17 18:29:18+00:00,UCxMwNPPBqQ31UsjwT7jgg_g,A Voz Trabalhadora,2175,351,News & Politics,8
pdex9SEw2m8,Irã muda de ideia sobre Estreito de Ormuz após falas de Trump,2026-04-17 17:54:27+00:00,UCY-FPXguTtLHSTK5YpQ-sgQ,TIMES BRASIL - LICENCIADO EXCLUSIVO CNBC,7562,281,News & Politics,30
KEdFplnAOOU,Irã anuncia que Estreito de Ormuz está completamente aberto e petróleo desaba | InfoMoney News,2026-04-17 17:35:52+00:00,UCxm0tptjIc76-i26EKQ9NpA,InfoMoney,1783,98,News & Politics,8
Zd0qRDnS8d0,IRÃ ABRE COMPLETAMENTE O ESTREITO DE ORMUZ,2026-04-17 17:30:00+00:00,UC9T0ZAarQHL4cJGFzORVsFg,Itatiaia,6837,265,News & Politics,11
wyVlVS-NBp4,Governo do Irã declara abertura total do Estreito de Ormuz | BASTIDORES CNN,2026-04-17 16:04:26+00:00,UCvdwhh_fDyWccR42-rReZLw,CNN Brasil,43847,587,News & Politics,128
1Y1peJKBO5Q,Trump agradece Irã por reabrir Estreito de Ormuz e diz que passagem está totalmente aberta #shorts,2026-04-17 16:00:07+00:00,UCkkrrImRae1zDRxzj7Xu73w,Fábulas do Poder,35891,481,News & Politics,6
kPDCCoLJpzU,PETROLEO VAI ABAIXAR LIBEROU O ESTREITO ORMUZ,2026-04-17 15:45:29+00:00,UCXkREqYIxfBhaqC_a4vokQw,Renato Rodrigues Alves,1007,42,Education,0
uD8LVJKZUVE,Irã anuncia abertura do Estreito de Ormuz durante cessar-fogo | TVT News 1ª Edição - 17/04/26,2026-04-17 15:41:48+00:00,UCmQTY7b5w61WlmBbJ5a8XrQ,Rede TVT,9969,904,News & Politics,13
yQBIPv0tcIc,Irã Abre o Estreito de Ormuz: Paz no Oriente Médio ou Nova Estratégia Global?,2026-04-17 15:14:52+00:00,UCCXZiMD_BiUlU0PS5sSzNng,👑 REI DOS CORTES [OFICIAL],4692,412,News & Politics,4
2t-wAOs_RSs,Estreito de Ormuz ESTÁ COMPLETAMENTE ABERTO para comércio! #geopolítica #iran #eua,2026-04-17 14:29:15+00:00,UCzf9iA74Hp3gOBMuyZDZVeg,Geopolitik Mundial,827,35,Entertainment,2
hjGO-mofTX0,AO VIVO: IRÃ LIBERA PASSAGEM DE NAVIOS COMERCIAIS PELO ESTREITO DE ORMUZ - 17/04/2026 | CNN MONEY,2026-04-17 14:25:34+00:00,UCqfm5IQhpMlfeAWMmVL_uNg,CNN Brasil Money,6875,113,News & Politics,0
owhf82it_9Y,Irã anuncia reabertura do Estreito de Ormuz durante cessar-fogo; entenda,2026-04-17 14:22:26+00:00,UC9mdw2mmn49ZuqGOpSri7Fw,Metrópoles,14131,518,News & Politics,62
BvbgpYuGoaQ,Análise: Alívio no Estreito de Ormuz pode pressionar queda do petróleo | LIVE CNN,2026-04-17 14:09:36+00:00,UCvdwhh_fDyWccR42-rReZLw,CNN Brasil,25243,345,News & Politics,32
IO-6Tms6-2M,Irã libera passagem de navios comerciais pelo Estreito de Ormuz,2026-04-17 14:09:20+00:00,UCvdwhh_fDyWccR42-rReZLw,CNN Brasil,85303,1861,News & Politics,56
GG9wx6QCuF0,"Irã reabre Estreito de Ormuz durante cessar-fogo; Trump agradece, mas mantém bloqueio naval ao país",2026-04-17 14:05:04+00:00,UCWeXgaH6wwyTRAkA3n6sRxg,Terra Brasil,838,8,News & Politics,0
70LEjMDaAAA,Trump diz que bloqueio dos EUA no Estreito de Ormuz continuará após reabertura pelo Irã #shorts,2026-04-17 14:00:11+00:00,UCkkrrImRae1zDRxzj7Xu73w,Fábulas do Poder,30833,334,News & Politics,2
-FsGIAUqem4,Irã reabre ESTREITO DE ORMUZ durante CESSAR-FOGO com EUA | Timeline,2026-04-17 13:57:25+00:00,UCRC3upGcj_decdPi7JXT7Bg,GZH,892,24,News & Politics,4
_bE114EG140,Irã libera passagem de navios pelo Estreito de Ormuz e Lula é recebido por Pedro Sánchez na Espanha,2026-04-17 13:54:35+00:00,UCmQTY7b5w61WlmBbJ5a8XrQ,Rede TVT,13392,2057,News & Politics,27
BFKBkfv-FSs,Petróleo cai quase 10% após Irã liberar passagem pelo Estreito de Ormuz | LIVE CNN,2026-04-17 13:42:55+00:00,UCvdwhh_fDyWccR42-rReZLw,CNN Brasil,2102,63,News & Politics,11
6tjicXgEfkM,Irã libera passagem de navios comerciais pelo Estreito de Ormuz e petróleo cai | ABERTURA DE MERCADO,2026-04-17 13:28:15+00:00,UCqfm5IQhpMlfeAWMmVL_uNg,CNN Brasil Money,2727,66,News & Politics,11
vGGp0BX5bwg,Irã libera passagem de navios comerciais pelo Estreito de Ormuz | LIVE CNN,2026-04-17 13:18:20+00:00,UCvdwhh_fDyWccR42-rReZLw,CNN Brasil,50488,883,News & Politics,358
dTHyLrGSoN8,Reunião entre países busca normalizar situação no Estreito de Ormuz,2026-04-17 11:53:39+00:00,UCWijW6tW0iI5ghsAbWDFtTg,Rádio BandNews FM,756,5,News & Politics,0
UWTXD6XxFcU,Bloqueio Americano no Estreito de Ormuz,2026-04-17 01:35:40+00:00,UC4uLRBU9EhSGXmORV-IkqPg,Fio dos Fatos,909,28,News & Politics,1
hJ2lnoxIzmk,"Ormuz: um estreito, dois bloqueios",2026-04-16 22:01:02+00:00,UCFXt3EWSw3Jx5PokR5kTqig,Pepe Café,79801,11943,News & Politics,509
uSr9f_HoNyE,BLOQUEIO TOTAL NO ESTREITO DE ORMUZ???,2026-04-16 20:57:37+00:00,UCKi7_Lm_jcZNWcYz2ydzTVg,Dossiê Global Oficial,24873,91,People & Blogs,4
7aKmtB8mLUU,Há 1 minuto: A manobra de Trump no Estreito de Ormuz dá errado — começa uma crise global!,2026-04-16 20:17:41+00:00,UCKTqOLSuaIfwwFah0Lr30Bg,Vargas Groce,10621,1138,People & Blogs,43
gRn54Dq2aC8,Nikotina KF - Estreito de Ormuz (Parte 1),2026-04-16 20:09:41+00:00,UCxAEmWZNfcX0FqPEnVsDGOg,NIKOTINA KF,34667,3711,Music,712
g08Rp5bgc9A,Bloqueio dos EUA no Estreito de Ormuz acabou com toda a economia do Irã,2026-04-16 20:00:22+00:00,UCOwCd00nlLm6oFM1ehXWKJg,Negócios e Geopolítica,271064,8897,Education,162
TWD3zi1CWLk,ANÁLISE: O Direito Internacional no Estreito Ormuz,2026-04-16 18:00:25+00:00,UCBUoG20SCuZJ0VFhh2_rdmw,Atualiza Aí!,9,2,People & Blogs,1
YOZZnstycG4,Mina iraniana parou um destroyer dos EUA no Estreito de Ormuz — o que veio depois,2026-04-16 13:33:10+00:00,UC0mcf23KmTX-llPJftQQmEg,Poder Econômico Global,47365,1801,People & Blogs,72
jA3uUWXNZ9g,Crise no Estreito de Ormuz,2026-04-16 09:48:54+00:00,UCewWsSJMLOhhLTQy0kA3gQA,Checagem Final - Você Precisa Saber,22366,426,News & Politics,4
ETwiOHEOtQk,ESTREITO DE ORMUZ: COMO O IRÃ DERROTOU A ESTRATÉGIA ECONÔMICA DOS EUA,2026-04-16 09:00:30+00:00,UCxMwNPPBqQ31UsjwT7jgg_g,A Voz Trabalhadora,13073,1211,News & Politics,70
6SIX508fOOc,Irã desafia Trump: O bloqueio no Estreito de Ormuz fracassou?,2026-04-16 08:00:06+00:00,UCJ6TKOZ4ZzQZxml8cYzkQuQ,Verdade Concreta,3969,969,News & Politics,38
uUrtGMAF_FA,ESTADOS UNIDOS OU IRÃ: QUEM VAI CONTROLAR O ESTREITO DE ORMUZ,2026-04-15 21:51:32+00:00,UCFV96VpUJF253t3s8n_NP1Q,hubtnt,25559,2941,People & Blogs,80
NIEPuX0lOr8,A Ação Impossível que Mudou Tudo no Estreito de Ormuz - Entenda o caso,2026-04-15 21:30:02+00:00,UCbAiIkPobUFy71zlmwVw3jw,Fatos Desconhecidos,58119,0,Education,117
Ds8hTzCHFds,EUA iniciam bloqueio naval no Estreito de Ormuz / Geopolítica com Paulo Filho,2026-04-15 16:03:27+00:00,UCu2qK0gFaPvFwI1H3pOsEoA,Paulo Filho / Geopolitica e Liderança,1122,157,News & Politics,3
JMM6mimKS1k,O que Trump quer com o bloqueio no Estreito de Ormuz?,2026-04-15 15:52:20+00:00,UCp6RRaz93Pt2xYZoEye_rLA,globonews,24731,620,News & Politics,12
A5Er3Ki3U3M,As minas do estreito de Ormuz #iran #estreitodeormuz #geopolítica,2026-04-15 15:02:34+00:00,UC4lSFiWcRom-8ZWQFsLxArQ,Curiosidades da Historia,18540,442,Gaming,16
kmLOihOJelQ,"China FAZ ALERTA TENSO a Donald Trump sobre o Estreito de Ormuz, no Irã",2026-04-15 14:40:01+00:00,UCiZ5zLSOBM5-3zBUHevecIA,Vamos falar de História?,284604,19016,Entertainment,1108
_4c93Qbd9ic,Navios fazem meia-volta em meio a bloqueio no Estreito de Ormuz; presidente da China comenta,2026-04-15 08:35:54+00:00,UCaGmdJSSiR7fkh2A-c6emsA,g1,292453,5595,News & Politics,778
agJMD8EKjMA,Trump barra navios no Estreito de Ormuz e tenta redefinir posição de negociação | Visão Crítica,2026-04-15 03:07:30+00:00,UCP391YRAjSOdM_bwievgaZA,Jovem Pan News,12315,156,News & Politics,22
6IWDd7BJH0k,Guerra no Oriente Médio: EUA afirmam que bloqueio no estreito de Ormuz é total,2026-04-15 01:57:08+00:00,UCmpHPgeCBgvk_fDXZQKsnAA,Jornal da Record,29793,277,News & Politics,0
huBtY5EzDmI,EUA afirmam que nenhuma embarcação passou por bloqueio norte-americano próximo ao Estreito de Ormuz,2026-04-15 01:38:13+00:00,UCWeXgaH6wwyTRAkA3n6sRxg,Terra Brasil,3363,26,News & Politics,1
OCiax8sCMQw,"Apesar de bloqueio, navios saem do estreito de Ormuz | Jornal da Band",2026-04-14 22:46:28+00:00,UCoa-D_VfMkFrCYodrOC9-mA,Band Jornalismo,34014,286,News & Politics,12
7rbOKs_gxio,TRUMP HUMILHADO: NAVIOS CHINESES FURAM O BLOQUEIO EM ORMUZ!  #shorts,2026-04-14 22:15:00+00:00,UCbmNmoNZTrpx08QCfPSNCBg,QG do Farinazzo,7565,103,Music,5
S7pBKlNqWMc,Donald Trump impõe bloqueio para pressionar o Irã no Estreito de Ormuz #shorts,2026-04-14 22:00:26+00:00,UCkkrrImRae1zDRxzj7Xu73w,Fábulas do Poder,28548,363,News & Politics,2
reKVIi8j_3g,O Estreito de Ormuz e a Crise do Petróleo no Irã #iran,2026-04-14 21:15:04+00:00,UCXGlZj4AyXOei3G6fTe5f9g,StreatShorts,28318,616,Entertainment,7
dtHVCWkBPV8,80 barcos iranianos tentaram fechar o Estreito de Ormuz — então o USS Gerald R. Ford fez HISTÓRICO,2026-04-14 21:03:03+00:00,UCDd1cLOLIIguEiR7qCeVD-w,Combat Files Portuguese,22639,1449,People & Blogs,57
UWm4Zgd5yF8,Petroleiro chinês cruza Ormuz e testa bloqueio dos EUA,2026-04-14 20:05:00+00:00,UC3DfAQa3jw0u7KMLUHqf6hw,Focus News Brasil,17501,296,News & Politics,3
NHQDbMLcs4Y,O Irã implantou 120 minas para fechar o Estreito de Ormuz — então o USS Gerald R. Ford fez ISTO,2026-04-14 18:50:00+00:00,UCAFhLLl0BAElGC8J_Fl5_Qg,Dark Files Portuguese,100966,2995,People & Blogs,73
YPMJEP6YwL8,"Un buque chino fue el primero en cruzar el Estrecho de Ormuz tras el ""bloqueo"" de Trump / La Opinión",2026-04-14 17:31:54+00:00,UC0R9oJ9ulQYEu4Xqzb9nFTA,La Opinión,220670,8312,News & Politics,245
d0yfqSO7Uns,"O fechamento de Ormuz, agora pelos americanos, vai dar certo?",2026-04-14 17:03:22+00:00,UCkVBx-XpEXAgWHX5-P1hl-A,Professor HOC,250079,18713,Education,395
TSY91cAuE0c,"Jamil Chade: “Sem a China, não há solução para o Estreito de Ormuz” #shorts",2026-04-14 16:40:57+00:00,UCkhe-I4rdFGrTHEQAsOXP9w,TMC News Br,10630,511,News & Politics,5
yrm2I7VJOPM,🌍⚠️ Os Estados Unidos e Israel bloquearam o Estreito de Ormuz,2026-04-14 09:54:35+00:00,UC-SCNvkgwedcvAoBgN5_OOg,Daniel Martins Pinto,34043,672,News & Politics,11
86d2e46UIFA,Trump anuncia bloqueio naval aos portos do Irã no estreito de Ormuz #Shorts #JornalDaRecord #JR24H,2026-04-14 02:52:43+00:00,UCmpHPgeCBgvk_fDXZQKsnAA,Jornal da Record,213641,5970,News & Politics,87
HsZqDiV-26k,Qual é o cenário no Estreito de Ormuz após bloqueio dos EUA?,2026-04-14 02:48:44+00:00,UCp6RRaz93Pt2xYZoEye_rLA,globonews,8461,140,News & Politics,13
Uao225HoI6I,EUA Bloqueiam Irã no Estreito de Ormuz - Nova Estratégia Econômica #guerra #shorts #trump #eua,2026-04-14 02:06:14+00:00,UC37ArB9C4pEGAwBcbFPIOoA,Notícias em gerais,81149,1012,People & Blogs,15
TpWAwyNdYqY,Trump anuncia bloqueio naval aos portos do Irã no estreito de Ormuz,2026-04-14 01:36:02+00:00,UCmpHPgeCBgvk_fDXZQKsnAA,Jornal da Record,19845,192,News & Politics,0
of2VAtJZjDo,JN: Trump ameaça afundar navios que tentem passar pelo Estreito de Ormuz sem autorização,2026-04-14 00:03:23+00:00,UCaGmdJSSiR7fkh2A-c6emsA,g1,131907,1789,News & Politics,246
8Svmcwu5RCM,Tensão no Estreito de Ormuz: Entenda o Papel dos EUA na Região,2026-04-13 23:51:01+00:00,UCCXZiMD_BiUlU0PS5sSzNng,👑 REI DOS CORTES [OFICIAL],40867,669,News & Politics,6
usQq6TvLIbY,📰 ALERTA: OTAN se diz pronta para intervir no Estreito de Ormuz #noticias #atualidade #corte #guerra,2026-04-13 23:45:03+00:00,UCQMv7xrhPUCVDxGR9Arj2CA,Corte Play,19748,850,News & Politics,22
NA-qjoJomGc,Tensão mundial: bloqueio no estreito de Ormuz pode afetar o petróleo global | O TEMPO News,2026-04-13 23:30:11+00:00,UCx7Ohl0Ln516T5pu5M8_SMA,O TEMPO,9185,209,News & Politics,15
hXWbyv0z90I,China condena cerco dos EUA no Estreito de Ormuz | O POVO NEWS,2026-04-13 23:19:54+00:00,UCj-RTZE-V3Q6jleatRR9k2A,O POVO,7606,98,News & Politics,14
S4GakBJNjbQ,Trump ameaça destruir navios iranianos no Estreito de Ormuz,2026-04-13 23:01:32+00:00,UCNl_i-ggJbZNyOLlhE7yyhw,Jornal da Gazeta,113575,5423,People & Blogs,188
RKoSZf3J4kI,Trump ameaça destruir navios iranianos no Estreito de Ormuz,2026-04-13 22:54:33+00:00,UCNl_i-ggJbZNyOLlhE7yyhw,Jornal da Gazeta,14260,158,News & Politics,24
ntiPeJz9Gvo,Petroleiro fura bloqueio de Trump e cruza Estreito de Ormuz | HORA H,2026-04-13 21:46:48+00:00,UCvdwhh_fDyWccR42-rReZLw,CNN Brasil,74013,1483,News & Politics,226
jCKRujnb50M,Estados Unidos iniciam bloqueio ao Estreito de Ormuz,2026-04-13 21:40:36+00:00,UCMi0ljq-4dXoQO0fxmL4ngA,iG,22140,151,Sports,53
nej4Ba9dGe0,China desafia Trump: “passaremos o bloqueio”! EUA: “destruiremos embarcações direcionadas ao Irã”!,2026-04-13 21:30:00+00:00,UCT6Imb3GXhF8GmjpIk6y2lg,Professor Ricardo Marcílio,223361,15507,Education,1496
SVquTvWiX6Q,Exército americano fecha Estreito de Ormuz e promete destruir navios que desafiarem ordem,2026-04-13 20:55:34+00:00,UCmpHPgeCBgvk_fDXZQKsnAA,Jornal da Record,16616,195,News & Politics,0
isyM5r77gIM,Análise: EUA entendem que iranianos veem Ormuz como vantagem em negociação | CNN 360°,2026-04-13 20:07:37+00:00,UCvdwhh_fDyWccR42-rReZLw,CNN Brasil,7871,143,News & Politics,23
IRkzwCikRqQ,We Closed The Strait Of Hormuz - Nick Irving,2026-04-13 20:00:05+00:00,UC7yoFHIFMkwaxZMLptAOlsw,Strategic Insights 2,102334,4981,People & Blogs,183
RJ780p13-6A,Bloqueio do bloqueio: o que significa a ação americana no estreito de Ormuz? #shorts,2026-04-13 20:00:14+00:00,UCY-FPXguTtLHSTK5YpQ-sgQ,TIMES BRASIL - LICENCIADO EXCLUSIVO CNBC,58815,2060,News & Politics,119
divUuLOHk6c,TENSÃO EM ORMUZ! Irã chama bloqueio de Trump de “ilegal” e “pirataria”,2026-04-13 19:50:57+00:00,UCEsbaUdrM_87K-2um30hf8Q,Jovem Pan  - 3 em 1,44917,522,News & Politics,103
trldOfIAmRg,O Irã mobilizou 80 barcos para fechar Estreito de Ormuz — resposta USS Gerald R. Ford foi IMEDIATA,2026-04-13 19:40:58+00:00,UCAFhLLl0BAElGC8J_Fl5_Qg,Dark Files Portuguese,233990,8503,People & Blogs,174
98C8FMq7kq8,MAIS TENSÃO! Trump ameaça destruir navios iranianos no Estreito de Ormuz,2026-04-13 19:34:52+00:00,UCEsbaUdrM_87K-2um30hf8Q,Jovem Pan  - 3 em 1,49064,1516,News & Politics,221
xst09x1U1Rg,Preço do petróleo sobe após bloqueios do Irã no Estreito de Ormuz; Denise Campos avalia | TEMPO REAL,2026-04-13 18:50:23+00:00,UCP391YRAjSOdM_bwievgaZA,Jovem Pan News,2716,51,News & Politics,5
CFusrLS4uvk,"Trump diz ter ""obliterado"" 158 navios iranianos após fechamento do Estreito de Ormuz",2026-04-13 18:17:59+00:00,UC9mdw2mmn49ZuqGOpSri7Fw,Metrópoles,7818,130,News & Politics,16
xizMRgrUGKQ,Como será feita a desminagem do Estreito de Ormuz? A mais crítica e perigosa das missões navais,2026-04-13 18:15:00+00:00,UCxDFRhF3Y1A_Gd0-cF8gbqQ,Hoje no Mundo Militar,135264,16758,Science & Technology,505
DQ-0kQsYwM8,EUA iniciam bloqueios no Estreito de Ormuz e escala tensão com Irã no Oriente Médio | TEMPO REAL,2026-04-13 17:58:50+00:00,UCP391YRAjSOdM_bwievgaZA,Jovem Pan News,24588,653,News & Politics,86
nCyEQNQFjiM,EUA iniciam bloqueio do Estreito de Ormuz; Trump se posiciona | BREAKING NEWS,2026-04-13 17:46:30+00:00,UCY-FPXguTtLHSTK5YpQ-sgQ,TIMES BRASIL - LICENCIADO EXCLUSIVO CNBC,2176,55,News & Politics,7
VlJf_isnrtY,EUA iniciam bloqueio no Estreito de Ormuz,2026-04-13 17:40:00+00:00,UCuiLR4p6wQ3xLEm15pEn1Xw,Record News,8360,0,News & Politics,0
K2xEeCZdVNk,JH: Estados Unidos bloqueiam Estreito de Ormuz,2026-04-13 17:34:55+00:00,UCaGmdJSSiR7fkh2A-c6emsA,g1,236428,3582,News & Politics,446
bWjtODAt9Vw,"Trump ""oblitera"" Marinha do Irã após fechamento de Estreito de Ormuz; entenda conflito",2026-04-13 17:33:22+00:00,UC9mdw2mmn49ZuqGOpSri7Fw,Metrópoles,4613,149,News & Politics,32
HZIEtN3EyVM,Trump bloqueia Estreito de Ormuz; entenda riscos para o petróleo e economia global,2026-04-13 17:11:31+00:00,UCY-FPXguTtLHSTK5YpQ-sgQ,TIMES BRASIL - LICENCIADO EXCLUSIVO CNBC,6463,77,News & Politics,21
TjEVmBhL1lY,BREAKING NEWS: EUA INICIAM BLOQUEIO DO ESTREITO DE ORMUZ; TRUMP SE POSICIONA | REAL TIME - 13/04/26,2026-04-13 16:16:24+00:00,UCY-FPXguTtLHSTK5YpQ-sgQ,TIMES BRASIL - LICENCIADO EXCLUSIVO CNBC,9563,226,News & Politics,2
gC9qaRQiuWE,"SAIBA MOTIVO QUE FEZ DONALD TRUMP FECHAR O ESTREITO DE ORMUZ, EM MEIO À GUERRA COM O IRÃ",2026-04-13 15:54:39+00:00,UC9T0ZAarQHL4cJGFzORVsFg,Itatiaia,62851,3163,News & Politics,48
OG7PVifTxu4,EUA iniciam bloqueio naval no Estreito de Ormuz após fracasso em negociações,2026-04-13 15:51:00+00:00,UCXdXYG8dUmEv6jhEji_lSHg,Jornalismo TV Cultura,2158,49,News & Politics,5
llz_JY2MK6I,Ormuz: EUA dizem que vão bloquear portos iranianos | TVT News 1ª Edição - 13/04/2026,2026-04-13 15:39:42+00:00,UCmQTY7b5w61WlmBbJ5a8XrQ,Rede TVT,31458,1916,News & Politics,17
gYofs2V5LOU,Especialista pondera sobre ações dos EUA em relação ao Estreito de Ormuz; veja análise | #RadarNews,2026-04-13 15:26:59+00:00,UC376n347Ob5Lwzq2WGzF1AA,SBT News,12637,197,News & Politics,17
u2QAG7ls9Is,EUA ANUNCIAM BLOQUEIO DO ESTREITO DE ORMUZ E PETRÓLEO SOBE - ICL MERCADO E INVESTIMENTOS - 13/04/26,2026-04-13 15:23:19+00:00,UCaIqJHHo9TJiLINzOFJRl2Q,Instituto Conhecimento Liberta,2164,186,News & Politics,11
RA7R19WGkmI,EUA bloqueiam Estreito de Ormuz após impasse nas negociações,2026-04-13 15:18:20+00:00,UCoa-D_VfMkFrCYodrOC9-mA,Band Jornalismo,67166,707,News & Politics,61
i_TLFMoxq6U,EUA iniciam bloqueio do Estreito de Ormuz; Trump se posiciona,2026-04-13 15:07:14+00:00,UCY-FPXguTtLHSTK5YpQ-sgQ,TIMES BRASIL - LICENCIADO EXCLUSIVO CNBC,8962,235,Film & Animation,45
aSB-bEeQzJY,EUA inicia bloqueio no estreito de Ormuz | BandNews TV,2026-04-13 14:51:04+00:00,UCoa-D_VfMkFrCYodrOC9-mA,Band Jornalismo,9110,296,News & Politics,82
OL6CeUwVSA0,Análise: EUA tentam restringir fonte de receita do Irã | LIVE CNN,2026-04-13 14:52:25+00:00,UCvdwhh_fDyWccR42-rReZLw,CNN Brasil,20159,359,News & Politics,88
yn7v0iB91ys,Trump anuncia início do bloqueio marítimo ao Estreito de Hormuz: 'Destruímos 158 navios',2026-04-13 14:45:55+00:00,UCVFbXI6Gu8U2f9Gjtxw4A-Q,UOL,51382,1597,News & Politics,410
qmtP3BrP_e8,"Após negociações falharem, bloqueio do Estreito de Ormuz começa a valer | LIVE CNN",2026-04-13 14:18:27+00:00,UCvdwhh_fDyWccR42-rReZLw,CNN Brasil,245186,4172,News & Politics,916
80ODUdVA_7g,EUA iniciam hoje bloqueio no Estreito de Ormuz,2026-04-13 14:00:00+00:00,UCuiLR4p6wQ3xLEm15pEn1Xw,Record News,4334,0,News & Politics,0
rX2aejd2zho,Irã chama bloqueio dos Estados Unidos no Estreito de Ormuz de “pirataria” #shorts #viral,2026-04-13 14:01:28+00:00,UCkkrrImRae1zDRxzj7Xu73w,Fábulas do Poder,253263,2368,News & Politics,21
ELIAS8rYpls,CONSEQUÊNCIAS DO FECHAMENTO DO ESTREITO DE ORMUZ #ormuz #guerra #iran,2026-04-13 13:17:20+00:00,UCB0lFwkrEyqXsQ9Lo88O29w,Cortes em Loop,1442,51,News & Politics,0
YFSIUZRGovk,Análise: Bloqueio americano em Ormuz tenta reconfigurar a guerra | CNN NOVO DIA,2026-04-13 13:01:58+00:00,UCvdwhh_fDyWccR42-rReZLw,CNN Brasil,3307,51,News & Politics,19
tKk8d9eA-8k,TRUMP diz que EUA vão BLOQUEAR Estreito de Ormuz após fracasso em negociações | Gaúcha Atualidade,2026-04-13 13:01:40+00:00,UCRC3upGcj_decdPi7JXT7Bg,GZH,9618,313,News & Politics,39
Tk5dYNDwEsI,EUA AFIRMAM QUE IRÃO BLOQUEAR O ESTREITO DE ORMUZ; ENTENDA,2026-04-13 12:26:01+00:00,UC9T0ZAarQHL4cJGFzORVsFg,Itatiaia,20679,1029,News & Politics,28
kDRWCOevzRU,EUA anunciam bloqueio total de Ormuz a partir desta segunda-feira,2026-04-13 12:17:27+00:00,UC9mdw2mmn49ZuqGOpSri7Fw,Metrópoles,2319,91,News & Politics,13
icXGmGcfNHU,Três petroleiros tentam atravessar o Estreito de Ormuz após EUA sinalizarem bloqueio| InfoMoney News,2026-04-13 12:09:12+00:00,UCxm0tptjIc76-i26EKQ9NpA,InfoMoney,31192,428,News & Politics,161
gNhj1Bk4gNw,Irã afirma controle total do Estreito de Ormuz e faz alerta a inimigos,2026-04-13 11:52:16+00:00,UCVFbXI6Gu8U2f9Gjtxw4A-Q,UOL,15979,308,News & Politics,90
iMag5yqCGXo,Donald Trump anuncia bloqueio ao Estreito de Ormuz,2026-04-13 10:43:23+00:00,UCP391YRAjSOdM_bwievgaZA,Jovem Pan News,32344,374,News & Politics,58
dmUxs678k-k,Trump Ordem Marinha: Bloqueio Imediato do Estreito de Ormuz! #shorts,2026-04-13 10:30:22+00:00,UC23whF6cXzlap-O76f1uyOw,História em Gotas,19302,738,News & Politics,17
99JV1nLxQgs,EUA anunciam que vão bloquear Estreito de Ormuz na manhã desta segunda (13) | CNN NOVO DIA,2026-04-13 09:53:55+00:00,UCvdwhh_fDyWccR42-rReZLw,CNN Brasil,48167,726,News & Politics,224
UldV59bO6hA,HORMUZ CRISIS: China Responds to US Naval Blockade of Strait of Hormuz | DRM News | AH1C,2026-04-13 09:42:40+00:00,UCrvG04V6wbOau6fVJI01OlQ,DRM News,37229,434,News & Politics,6
67Zdh-ZthAM,EUA anunciam bloqueio total do Estreito de Ormuz e tensão global aumenta | #SBTNotícias,2026-04-13 09:12:08+00:00,UC-S82QSyHb-e3FddEO6Tq6w,SBT Jornalismo,42038,541,News & Politics,219
EpvMbmNTzcI,EUA anunciam bloqueio total do Estreito de Ormuz,2026-04-13 08:53:27+00:00,UCaGmdJSSiR7fkh2A-c6emsA,g1,36057,531,News & Politics,107
uTxaehCniS4,EUA anuncia bloqueio total de Ormuz a partir da manhã de segunda 13/04,2026-04-13 00:22:26+00:00,UC9mdw2mmn49ZuqGOpSri7Fw,Metrópoles,200048,2477,News & Politics,453
4zkvMTjLXr4,Navios de guerra dos EUA cruzam Estreito de Ormuz para desminá-lo,2026-04-12 23:34:22+00:00,UCrtOL8bJsh-csozGS2aV77Q,Estadão,31233,361,News & Politics,58
-lR4Z6C25C0,EUA anunciam bloqueio total do Estreito de Ormuz a partir da manhã de segunda feira (13),2026-04-12 22:39:46+00:00,UCj-RTZE-V3Q6jleatRR9k2A,O POVO,39129,336,News & Politics,56
GNDMI_lwy_I,Trump ordena bloqueio naval no Estreito de Ormuz após fracasso em negociações com Irã,2026-04-12 22:19:44+00:00,UCVFbXI6Gu8U2f9Gjtxw4A-Q,UOL,37756,311,News & Politics,89
ghJZbglmK9w,NAVIOS DOS EUA IGNORAM AMEAÇA DO IRÃ,2026-04-12 21:05:46+00:00,UCecSnlzarL32GETO0_coV3Q,INVESTCHE,185745,3326,Gaming,67
XQvaBJGLtbk,"DONALD TRUMP FAZ PRONUNCIAMENTO URGENTE - GUERRA COM O IRÃ, ESTREITO DE ORMUZ, NETANYAHU, VICE-...",2026-04-12 18:59:06+00:00,UCYiM773ssvNMaBHvaWWeIoQ,Folha Política,155278,3596,People & Blogs,0
cmfADFuFd2Y,Trump anuncia bloqueio no Estreito de Ormuz após fracasso das negociações com Irã | #NewsDomingo,2026-04-12 18:48:24+00:00,UC376n347Ob5Lwzq2WGzF1AA,SBT News,141705,1799,News & Politics,225
Az1sfeJ-Rn8,Bloqueio Naval sobre o Estreito de Ormuz – “Não vai passar ninguém!” Trump,2026-04-12 18:30:00+00:00,UCxDFRhF3Y1A_Gd0-cF8gbqQ,Hoje no Mundo Militar,228679,24131,Science & Technology,2238
-u5xCMhezj8,Trump afirma que Marinha dos EUA vai bloquear o Estreito de Ormuz,2026-04-12 18:22:25+00:00,UCMi0ljq-4dXoQO0fxmL4ngA,iG,5893,54,Sports,15
g-eCOTxKQak,"EUA e outros países enviarão navios de guerra para Ormuz, diz Trump | AGORA CNN",2026-04-12 18:08:05+00:00,UCvdwhh_fDyWccR42-rReZLw,CNN Brasil,196959,2961,News & Politics,459
DGVTu-Ncg5k,TRUMP diz que vai BLOQUEAR O ESTREITO DE ORMUZ! Depois do fim do Plano de Paz!,2026-04-12 18:00:19+00:00,UCv-QXC04JCxklAUQQe9vCuQ,Prof. JeanGrafia | GabaritaGeo | ,35254,5103,Education,272
pYOllUDlGDQ,U.S. RACES To Block Hormuz As Mine Sweepers Deploy—Iran Issues “Final Warning” To Warships!,2026-04-12 17:07:07+00:00,UC24cdDLzkNJf2_CNNzdI-UQ,JNS TV,803382,18308,News & Politics,2100
p13--C_Hvpk,🚨 AGORA É BLOQUEIO TOTAL: TRUMP FECHA O ESTREITO DE ORMUZ COM A MARINHA DOS EUA! ⚖️🏛️🇺🇸⚓,2026-04-12 17:03:50+00:00,UCvXxXqWFMEK1_2kbUAWBj9A,Política Rápida,621843,5420,News & Politics,113
hT5FCU9sPMQ,Nikki Haley on Trump sending Navy to Strait of Hormuz,2026-04-12 16:26:29+00:00,UCupvZG-5ko_eiXAupbDfxWw,CNN,351485,3358,News & Politics,2593
001yh_yNLVU,Trump diz que bloqueará navios que pagam pedágio ao Irã no Estreito de Ormuz,2026-04-12 16:16:29+00:00,UC9mdw2mmn49ZuqGOpSri7Fw,Metrópoles,119884,2121,News & Politics,579
dqvo6sDCBsw,Trump ordena o bloqueio do Estreito de Ormuz após negociações falhadas com o Irão,2026-04-12 16:15:14+00:00,UCUmEPYxmnyQDeRUcFkslmQw,Euronews em Português,2391,56,News & Politics,28
v_kfUXr8CLU,URGENTE: TRUMP ORDENA BLOQUEIO DE ORMUZ — IRÃ RESPONDE,2026-04-12 16:01:46+00:00,UCeLwY_iqGhtq3AIdAEvT9-g,Parabólica,239796,28664,News & Politics,2500
vkoq-EbnMb0,Irã não consegue localizar minas no Estreito de Ormuz,2026-04-12 15:53:13+00:00,UCGxOyY_smQ1sC-UNwsfDcGQ,Área de Guerra,163276,1729,Entertainment,8
M5jI8fQM0hk,"Após não chegar a acordo com o Irã, Trump diz que Marinha dos EUA irá bloquear Estreito de Ormuz",2026-04-12 15:46:55+00:00,UCWeXgaH6wwyTRAkA3n6sRxg,Terra Brasil,133720,818,News & Politics,321
GVTWJPuFJUI,Trump anuncia bloqueio do estreito de Ormuz: «Revela desfaçatez e desespero»,2026-04-12 15:24:08+00:00,UCsEC-wMKyvx5EIxKHsG0q3g,NOW Canal,7719,205,News & Politics,61
ISvhRW5NQ5I,Trump ordena que Marinha dos EUA bloqueie a navegação no Estreito de Hormuz após impasse com o Irã,2026-04-12 15:07:58+00:00,UCVFbXI6Gu8U2f9Gjtxw4A-Q,UOL,89413,1279,News & Politics,536
bzKxuoJ80K4,TENSÃO!! Donald Trump decreta BLOQUEIO IMEDIATO do Estreito de Ormuz e CAÇA aos navios petroleiros!,2026-04-12 15:01:15+00:00,UC5REYGIr4bQek3LV2RaknYw,Área Militar,18871,2340,Science & Technology,161
twe3cbbyBcA,Trump ordena que sua Marinha bloqueie a navegação pelo Estreito de Ormuz,2026-04-12 14:49:41+00:00,UCj-RTZE-V3Q6jleatRR9k2A,O POVO,129375,1541,News & Politics,410
g1Imx9o1Fbc,AGORA É TRUMP QUE BLOQUEIA O ESTREITO DE ORMUZ,2026-04-12 14:37:56+00:00,UCu2qK0gFaPvFwI1H3pOsEoA,Paulo Filho / Geopolitica e Liderança,14837,818,News & Politics,131
1-pOuTyT2Pc,"Estreito de Ormuz é de soberania iraniana, analisa professora | AGORA CNN",2026-04-12 14:08:20+00:00,UCvdwhh_fDyWccR42-rReZLw,CNN Brasil,82736,2013,News & Politics,490
ix2605wiWOA,EUA ENVIAM NAVIOS AO ESTREITO DE ORMUZ PARA REMOVER MINAS; IRÃ AMEAÇA REAÇÃO “SEVERA”,2026-04-12 13:45:00+00:00,UC9T0ZAarQHL4cJGFzORVsFg,Itatiaia,36964,461,News & Politics,69
dQ_efnU--Ik,URGENTE: EUA fazem algo enorme para reabrir o Estreito de Ormuz,2026-04-12 13:01:05+00:00,UCOwCd00nlLm6oFM1ehXWKJg,Negócios e Geopolítica,233043,9574,Education,300
Wy1Xq80vgVA,EUA e Irã ficam à beira do confronto em Ormuz durante negociações; gravação revela tensão,2026-04-12 12:30:18+00:00,UCj-RTZE-V3Q6jleatRR9k2A,O POVO,44564,828,News & Politics,116
2TIVLhe8CPY,"O Estreito de Ormuz, IRÃ não consegue detectar as minas fluviais.",2026-04-12 11:51:07+00:00,UCQamfow1ioSSDcJ1Q6pitXQ,Mente_Digital_l,249,6,People & Blogs,0
IcyXkXQUGFk,Estreito de Ormuz: Por Que Ele Controla o Petróleo Mundial? | Documentário 4K,2026-04-12 11:00:34+00:00,UCjbEIlM2m_I__Zvjnt37m4g,World Travel Doc PT,123977,1555,Travel & Events,28
q_MmdA6wDJc,O SEGREDO OBSCURO que o Estreito de Ormuz esconde do mundo. LUCIANO CESA. Part 2. Compartilhem!,2026-04-12 11:01:16+00:00,UCMnNi_utJSNnJyE67g0WRdQ,MÚSICA e ESPIRITUALIDADE,16117,2836,News & Politics,84
ob6iI5L145Q,TRUMP ACIONA MARINHA DOS EUA PARA DESMINAGEM RELÂMPAGO NO ESTREITO DE ORMUZ,2026-04-12 01:11:03+00:00,UCs_ONX7OvoPFdBMorhmODKw,Mapa do Poder,74531,779,News & Politics,26
6wcRiCFoZwM,Irã desmente EUA nenhum navio de guerra entrou no estreito de Ormuz,2026-04-12 00:45:46+00:00,UC6lE5IXws0T6361qAOI-5tQ,MundoSobTensão,107858,2583,News & Politics,50
G36k_K1I3K0,"Navios de guerra cruzam Hormuz, dizem Estados Unidos; Irã nega",2026-04-12 00:11:33+00:00,UCVFbXI6Gu8U2f9Gjtxw4A-Q,UOL,52056,488,News & Politics,82
kOnp5bfR45c,Como o Irã Acidentalmente Transformou o Estreito de Ormuz numa Roleta-Russa de Minas,2026-04-11 23:45:03+00:00,UC8YyzW_5Kj8-JDJ44c_ikzw,Aitelly Brasil,67964,3051,Education,105
q5NRrRUob6k,"Tensão no Estreito de Ormuz ameaça cessar-fogo, aponta professor | CNN PRIME TIME",2026-04-11 23:37:56+00:00,UCvdwhh_fDyWccR42-rReZLw,CNN Brasil,27781,499,News & Politics,30
nkNgGjM4G78,Navios de guerra dos EUA cruzam Estreito de Ormuz para desminá-lo | AFP,2026-04-11 22:40:34+00:00,UCamgdcs45ToPrIV7wmT7iYg,AFP Português,47926,1219,News & Politics,0
FXyai_O5LA4,EUA se preparam para retirar minas navais em Ormuz,2026-04-11 22:30:00+00:00,UCuiLR4p6wQ3xLEm15pEn1Xw,Record News,37105,0,News & Politics,0
soyVytHIFZg,ESTREITO DE ORMUZ É O PRINCIPAL IMPASSE NAS NEGOCIAÇÕES ENTRE EUA E IRÃ,2026-04-11 21:12:44+00:00,UC9T0ZAarQHL4cJGFzORVsFg,Itatiaia,12947,205,News & Politics,6
eMloo8Tyy6A,Superpetroleiros saem pelo Estreito de Ormuz com início das negociações EUA-Irã | InfoMoney News,2026-04-11 20:46:00+00:00,UCxm0tptjIc76-i26EKQ9NpA,InfoMoney,13191,223,News & Politics,23
ekgWpzJVw2g,Superpetroleiros saem pelo Estreito de Ormuz com início das negociações EUA-Irã | InfoMoney News,2026-04-11 20:42:35+00:00,UCxm0tptjIc76-i26EKQ9NpA,InfoMoney,2693,43,News & Politics,3
z7oQ_KGtcVg,EUA iniciam operação para limpar minas navais no Estreito de Ormuz,2026-04-11 19:47:32+00:00,UCj-RTZE-V3Q6jleatRR9k2A,O POVO,51231,461,News & Politics,78
E9aRD6Z2XAg,Breaking: U.S. Loses Advanced Drone Near Strait of Hormuz — Who Has It?,2026-04-11 19:29:00+00:00,UCt_eqf2gCNRM74jYNF0t77Q,24global watch,283462,3124,News & Politics,131
7InsddpRo8A,Desminagem do estreito de Ormuz,2026-04-11 19:30:00+00:00,UCw0UyK__by_mQZOAs1-mkMA,Notícias Militares BR GO,2543,0,Science & Technology,1
-xEK9OG6ll4,EUA mobilizam força naval para limpar minas em Ormuz #geopolitica #marinha,2026-04-11 19:26:29+00:00,UC9pQd-P0nLil0i-Y9gRyapw,Xplora,68110,1107,News & Politics,13
7PZAWM-C2jw,"Trump diz que Estreito de Ormuz será reaberto ""muito em breve""",2026-04-11 19:13:58+00:00,UC9mdw2mmn49ZuqGOpSri7Fw,Metrópoles,11718,165,News & Politics,97
fGd4fCoEask,US Navy warships Transit The Strait Of Hormuz According to NYP,2026-04-11 18:26:58+00:00,UC63Tq5qh0QCKemBSHnXuF5Q,Kagan Dunlap,289847,14221,Entertainment,1106
EylR8m-_jq8,Navios de guerra dos EUA atravessam Estreito de Ormuz sem a coordenação do Irã,2026-04-11 17:01:04+00:00,UCj-RTZE-V3Q6jleatRR9k2A,O POVO,52770,900,News & Politics,138
4Qgnt7edvF8,Diversos navios se dirigem a Ormuz em meio ao início das negociações | AGORA CNN,2026-04-11 15:38:41+00:00,UCvdwhh_fDyWccR42-rReZLw,CNN Brasil,89111,955,News & Politics,93
kWHW0G5mdWU,Donald Trump declara que Estreito de Ormuz será reaberto com ou sem o apoio do Irã #shorts,2026-04-11 15:01:26+00:00,UCP391YRAjSOdM_bwievgaZA,Jovem Pan News,46337,1111,People & Blogs,72
BQsNi41moZI,“Esquecemos onde colocamos as minas” Irã – Por que é tão difícil reabrir o Estreito de Ormuz?,2026-04-11 15:00:00+00:00,UCxDFRhF3Y1A_Gd0-cF8gbqQ,Hoje no Mundo Militar,135762,16557,Science & Technology,957
Gfx4WlZkuD4,"Irã não pode liberar Hormuz porque não sabe onde estão as minas que colocou, dizem Estados Unidos",2026-04-11 14:58:40+00:00,UCVFbXI6Gu8U2f9Gjtxw4A-Q,UOL,87384,2227,News & Politics,356
AsXJquYYdZw,O fechamento do Estreito de Ormuz pode abrir uma nova era na geopolítica do mundo,2026-04-11 13:00:31+00:00,UCkVBx-XpEXAgWHX5-P1hl-A,Professor HOC,284380,19102,Education,873
b_fqbN8e0j8,"Trump diz que Estreito de Ormuz reabrirá 'muito em breve', com ou sem a cooperação do Irã; vídeo",2026-04-11 11:06:59+00:00,UCVFbXI6Gu8U2f9Gjtxw4A-Q,UOL,10529,136,News & Politics,44
Zk17aK2P0xg,"Israel e o Estreito de Ormuz, É Estressante ser Super-Rico, A Reunificação da CHINA - JK Cast #258",2026-04-11 11:00:56+00:00,UCOKSOW5uJHdW7Edz37mvAFw,José Kobori,101042,15910,Education,1063
bH5U2Ce8DTw,“NOVO ESTREITO DE ORMUZ” - Irã anuncia mudanças no funcionamento; cúpula Irã x EUA no Paquistão!,2026-04-10 21:30:00+00:00,UCT6Imb3GXhF8GmjpIk6y2lg,Professor Ricardo Marcílio,103528,7961,Education,411
JGD8bf6oPjc,Trump entregou ao Irã o controle do estreito de Ormuz e o status de potência nuclear #guerra,2026-04-10 21:20:06+00:00,UCzc8wM5icV7fr0yGu2q9Cuw,Leonardo Stoppa,134242,10135,Education,243
9t8-hNZcuWc,A Nova Construção de US$ 100 Bilhões para Contornar o Estreito de Ormuz?,2026-04-10 20:45:01+00:00,UCJZPuS18FOkZxDM8Lriq-bQ,Construction Time,271271,6742,Entertainment,348
6Y8K9SdrCfI,Três navios passaram pelo Estreito de Ormuz nas últimas 24 horas | CNN 360°,2026-04-10 20:07:00+00:00,UCvdwhh_fDyWccR42-rReZLw,CNN Brasil,10540,108,News & Politics,5
XrgGzsuosbg,Tráfego no Estreito de Ormuz praticamente para com apenas seis navios em 24 horas #shorts,2026-04-10 18:00:27+00:00,UCkkrrImRae1zDRxzj7Xu73w,Fábulas do Poder,42797,336,News & Politics,1
ADYHyfKva3c,"“Irã está fazendo péssimo trabalho”, diz Trump sobre Ormuz | LIVE CNN",2026-04-10 14:14:47+00:00,UCvdwhh_fDyWccR42-rReZLw,CNN Brasil,34696,463,News & Politics,86
CqU0IgQejmc,Strait of Hormuz: Correct Your Pronunciation + History 🌍 #Shorts #straitofhormuz #Iran #MiddleEast,2026-04-10 13:30:25+00:00,UCjnJwlSN4_FuoE-6RWX_Eaw,ChetChat,54905,1046,Education,69
9j-U6kLITmI,Trump acusa Irã de não respeitar acordo no Estreito de Ormuz,2026-04-10 12:23:11+00:00,UCP391YRAjSOdM_bwievgaZA,Jovem Pan News,14953,300,News & Politics,46
l1u860-FlOI,Irã impõe restrições sobre Estreito de Ormuz,2026-04-10 11:20:45+00:00,UCP391YRAjSOdM_bwievgaZA,Jovem Pan News,36356,339,News & Politics,39
zlXuuwbrJ6A,Veja a movimentação no estreito de Ormuz durante o primeiro dia de cessar-fogo #shorts,2026-04-10 10:18:49+00:00,UCY-FPXguTtLHSTK5YpQ-sgQ,TIMES BRASIL - LICENCIADO EXCLUSIVO CNBC,4431,69,News & Politics,2
YoMTnT9gvEA,Líder supremo do Irã anuncia “nova fase” no Estreito de Ormuz,2026-04-10 02:09:58+00:00,UC9mdw2mmn49ZuqGOpSri7Fw,Metrópoles,32802,523,News & Politics,54
BxnvDCeprXg,Análise: Irã diz que reabertura de Ormuz não consta no acordo de cessar-fogo | CNN PRIME TIME,2026-04-10 00:54:16+00:00,UCvdwhh_fDyWccR42-rReZLw,CNN Brasil,45506,712,News & Politics,112
rWc32URnuiQ,Irã limita tráfego no estreito de Ormuz e sinaliza cobrança de pedágio para passagem de navios,2026-04-10 00:19:03+00:00,UCmpHPgeCBgvk_fDXZQKsnAA,Jornal da Record,10070,135,News & Politics,0
X4Dz1OCBZiw,Estreito de Ormuz: Entenda por que a navegação é tão restrita e perigosa l O POVO NEWS,2026-04-09 23:51:56+00:00,UCj-RTZE-V3Q6jleatRR9k2A,O POVO,4031,51,News & Politics,10
CkVj38Z1WTI,"'Irã colocou os EUA de joelhos com fechamento do Estreito de Ormuz', diz especialista à CBN",2026-04-09 14:39:19+00:00,UCbiGwU0-W1XCDUrt3BTVrag,Rádio CBN,2648,130,News & Politics,27
1TeEMD-jPu0,Estreito de Ormuz tem fluxo praticamente paralisado apesar do cessar-fogo | LIVE CNN,2026-04-09 13:16:24+00:00,UCvdwhh_fDyWccR42-rReZLw,CNN Brasil,19548,248,News & Politics,61
wk7WpdEouP4,Irã e Omã cobrarão pedágio dos navios no estreito de Ormuz,2026-04-09 12:01:44+00:00,UC1pqukgikWtpzkLiwMq2TGQ,Gazeta do Mundo,329297,6244,News & Politics,181
tyRunXFAvcU,Onde fica o Estreito de Ormuz? (e por que ele é tão importante),2026-04-09 11:01:26+00:00,UCslbIqTiHd1RgfHaNKx5VjQ,Administração Inteligente,1715,78,Education,2
fkUq90NEeAk,O Irã cometeu um erro fatal no Estreito de Ormuz — os EUA reagiram imediatamente,2026-04-09 10:59:33+00:00,UC0mcf23KmTX-llPJftQQmEg,Poder Econômico Global,30063,1499,People & Blogs,23
D5Eetd6-9f4,"Irã libera estreito de Ormuz por algumas horas, mas volta a impedir passagem de embarcações",2026-04-09 02:06:45+00:00,UCmpHPgeCBgvk_fDXZQKsnAA,Jornal da Record,15249,187,News & Politics,0
lzSaVUuBWlk,FECHADO ESTREITO ORMUZ🚨AGORA ATAQUES E EXPLOSÕES💥💥IRÃ ACABA DE CONFIRMAR❗️❗️,2026-04-08 23:55:12+00:00,UCHbOcbRDOMIM-5Q3tOfW9Bw,Pastor Claudinei Oliveira,33592,2066,Education,55
72ioNMaKlWI,JN: Irã volta a fechar Estreito de Ormuz poucas horas após reabertura,2026-04-08 23:34:58+00:00,UCaGmdJSSiR7fkh2A-c6emsA,g1,81722,1135,News & Politics,156
GISPq7q0DXM,"Irã rompe cessar-fogo, fecha Estreito de Ormuz e dobra a aposta contra governo Trump",2026-04-08 23:18:00+00:00,UCBQAI1ZhurW3nbtJR-gBBZg,Revista Oeste,241694,10392,News & Politics,576
KJfK6MWaeWM,Irã fecha Ormuz e ameaça romper cessar-fogo após Israel atacar o Líbano | TEMPO REAL,2026-04-08 23:06:15+00:00,UCP391YRAjSOdM_bwievgaZA,Jovem Pan News,61177,871,News & Politics,110
7bY69LAipEs,ESTREITO DE ORMUZ FECHADO? Entenda GUERRA entre EUA e IRÃ | Conversas Cruzadas,2026-04-08 22:41:43+00:00,UCRC3upGcj_decdPi7JXT7Bg,GZH,12572,342,News & Politics,21
UsWXQ3pH6Fw,Estreito de Ormuz volta a ter movimentação após trégua | BandNews TV,2026-04-08 22:24:48+00:00,UCoa-D_VfMkFrCYodrOC9-mA,Band Jornalismo,16566,415,News & Politics,28
2fjOST3kLaw,Irã: “Trump mentiu! Guerra continuará”: estreito de Ormuz fechado! Israel faz maior ataque ao Líbano,2026-04-08 21:15:00+00:00,UCT6Imb3GXhF8GmjpIk6y2lg,Professor Ricardo Marcílio,174646,13243,Education,1122
jLCO-jCYZ_k,Casa Branca alerta que seria 'inaceitável' que Irã fechasse Estreito de Ormuz | AFP,2026-04-08 20:04:07+00:00,UCamgdcs45ToPrIV7wmT7iYg,AFP Português,31090,507,News & Politics,0
G-xMGcyKvS0,O IRÃ FOI ATAC4DO E ESTREITO DE ORMUZ  ESTÁ FECHADO! EUA ENFURECIDO COM ISRAEL?,2026-04-08 19:36:12+00:00,UCOMY06dN0Xg00rc-GxWYhxg,Canal Militarizando o Mundo,9681,1397,News & Politics,106
WXLvYnfVEGM,IRÃ VOLTA A FECHAR ESTREITO DE ORMUZ E DIZ QUE CESSAR-FOGO FOI VIOLADO,2026-04-08 19:30:00+00:00,UC9T0ZAarQHL4cJGFzORVsFg,Itatiaia,35172,818,News & Politics,106
u1qWsEt4020,Jornal Hoje: Irã volta a fechar Estreito de Ormuz em retaliação aos ataques de Israel no Líbano,2026-04-08 18:58:55+00:00,UCaGmdJSSiR7fkh2A-c6emsA,g1,232176,4022,News & Politics,456
gxpXxHcFNCY,O PLANO SECRETO que pode TIRAR o PODER do ESTREITO DE ORMUZ #geopolítica #fronteiraeconomica,2026-04-08 18:33:58+00:00,UC8cup-A5DEuxhOngDgpSXDQ,Fronteira Econômica,8147,246,Education,1
5TsU7kJ9h9Y,Por que o Irã voltou a fechar o Estreito de Ormuz após acordo?,2026-04-08 18:30:00+00:00,UCe1XGNDeEwAx5xaLGcNPEbQ,TV Jornal SBT,47554,631,People & Blogs,97
_UTDrcFL9e0,IRÃ FECHA ESTREITO DE ORMUZ NOVAMENTE E DIZ QUE CESSAR-FOGO COM EUA FOI VIOLADO,2026-04-08 17:59:48+00:00,UC9T0ZAarQHL4cJGFzORVsFg,Itatiaia,3922,77,News & Politics,13
25k-wvA7H-E,Irã volta a fechar Estreito de Ormuz e ameaça atacar | BandNews TV,2026-04-08 18:00:03+00:00,UCoa-D_VfMkFrCYodrOC9-mA,Band Jornalismo,27490,622,News & Politics,174
02LXvYAzsSk,Iran fechou novamente o estreito de Ormuz #israel #guerra #iran,2026-04-08 17:26:43+00:00,UCzc8wM5icV7fr0yGu2q9Cuw,Leonardo Stoppa,180649,10132,Education,244
CbyDjSdyUo8,🚨Irã fecha novamente o Estreito de Ormuz após at4ques no Líbano,2026-04-08 17:00:18+00:00,UCyTVL1r4WC8MqYOPvi3yAZw,O Liberal,3197,30,News & Politics,4
8_ahxbkcZYI,Irã volta a fechar o Estreito de Ormuz e ameaça romper cessar-fogo após ataques de Israel ao Líbano,2026-04-08 16:20:14+00:00,UCWeXgaH6wwyTRAkA3n6sRxg,Terra Brasil,15815,220,News & Politics,114
GlmYvKY3jYg,Irã volta a fechar Estreito de Ormuz e ameaça romper cessar-fogo,2026-04-08 15:57:09+00:00,UCaGmdJSSiR7fkh2A-c6emsA,g1,143196,3185,News & Politics,747
P9LWAWaM7e4,Estreito de Ormuz é fechado novamente segundo Mídia Iraniana | BandNews TV,2026-04-08 15:49:13+00:00,UCoa-D_VfMkFrCYodrOC9-mA,Band Jornalismo,8636,163,News & Politics,39
UHyl6xm6d2o,"Após ataques no Líbano, Irã volta a fechar Ormuz e ameaça cessar-fogo | LIVE CNN",2026-04-08 15:40:04+00:00,UCvdwhh_fDyWccR42-rReZLw,CNN Brasil,116694,2447,News & Politics,756
1FlCxzcqM_4,Irã ameaça romper cessar-fogo e mantém Estreito de Ormuz fechado para petroleiros | BREAKING NEWS,2026-04-08 15:38:20+00:00,UCY-FPXguTtLHSTK5YpQ-sgQ,TIMES BRASIL - LICENCIADO EXCLUSIVO CNBC,21900,525,News & Politics,133
MHbRqdi-aPE,Algo GIGANTE acaba de entrar no Estreito de Ormuz... A armadilha do Irã FALHOU miseravelmente!,2026-04-08 15:00:42+00:00,UCTVW0BGfQ3ubVP_cdc9clDQ,A Rede Geo,116705,4246,News & Politics,115
AVS1fxTXW50,Primeiros navios atravessam Estreito de Ormuz desde o cessar-fogo | LIVE CNN,2026-04-08 14:48:12+00:00,UCvdwhh_fDyWccR42-rReZLw,CNN Brasil,42903,368,News & Politics,48
HzKJpuFZIIo,Como funciona o processo de abertura do Estreito de Ormuz? Entenda | CNN NOVO DIA,2026-04-08 12:55:34+00:00,UCvdwhh_fDyWccR42-rReZLw,CNN Brasil,5087,65,News & Politics,9
zRMKnAOlBjY,Irã e Omã poderão cobrar pela passagem no Estreito de Ormuz | InfoMoney News,2026-04-08 12:48:03+00:00,UCxm0tptjIc76-i26EKQ9NpA,InfoMoney,6252,531,News & Politics,15
1lFjEMOrYe0,Navios voltam a cruzar o Estreito de Ormuz após acordo de cessar-fogo,2026-04-08 12:40:26+00:00,UCWeXgaH6wwyTRAkA3n6sRxg,Terra Brasil,841,22,News & Politics,4
xhdNqhmGzxQ,Primeiros navios atravessam Estreito de Ormuz; Mehero e Motta comentam,2026-04-08 12:11:49+00:00,UCP391YRAjSOdM_bwievgaZA,Jovem Pan News,41731,1133,News & Politics,147
wCN5Cu0pJhU,Irã confirma trégua e reabre o estreito de Ormuz,2026-04-08 01:40:00+00:00,UCuiLR4p6wQ3xLEm15pEn1Xw,Record News,71774,0,News & Politics,0
fA4LoXQZ2Vk,"Reabertura de Ormuz por duas semanas é possível, diz chanceler do Irã | CNN PRIME TIME",2026-04-08 00:15:28+00:00,UCvdwhh_fDyWccR42-rReZLw,CNN Brasil,54582,1472,News & Politics,339
3cIWgiu940g,Irã indica reabertura do Estreito de Ormuz por duas semanas #Shorts #JornalDaRecord #JR24H,2026-04-08 00:12:08+00:00,UCmpHPgeCBgvk_fDXZQKsnAA,Jornal da Record,406077,8534,News & Politics,202
2SCa0jBZDWE,Agora: Irã confirma acordo com os EUA e indica reabertura do Estreito de Ormuz,2026-04-07 23:29:53+00:00,UCP391YRAjSOdM_bwievgaZA,Jovem Pan News,195386,3732,News & Politics,1000
1eUNEeSykcw,O Ultimato de Trump no Estreito de Ormuz contra o Irã,2026-04-07 23:20:48+00:00,UC9A70zHWT__VE5oWmTg2-xA,Canal Top10,161903,6602,Education,284
2IbEEqFj4uY,"Últimas notícias do Irã, prazo para reabertura do estreito de Ormuz está se acabando.",2026-04-07 22:08:22+00:00,UCW9v_bh24azm9gaJ4iFv-qA,Eu Vi,2707,84,Entertainment,1
LIYjbLrHcgI,Guerra no Oriente Médio: Prazo de Trump para o Irã acaba em três horas | HORA H,2026-04-07 21:29:16+00:00,UCvdwhh_fDyWccR42-rReZLw,CNN Brasil,112701,1541,News & Politics,490
eKeFSDp9TGg,Como estreito de Ormuz segue o caminho histórico do canal de Suez?,2026-04-07 21:00:51+00:00,UCFXt3EWSw3Jx5PokR5kTqig,Pepe Café,81172,6093,News & Politics,118
P4liY4KEzcA,Conselho da ONU rejeita uso de força para reabrir estreito de Ormuz | BandNews TV,2026-04-07 20:58:41+00:00,UCoa-D_VfMkFrCYodrOC9-mA,Band Jornalismo,9217,181,People & Blogs,50
Dr18Lrqvpdk,"Militares ucranianos estão envolvidos no desbloqueio do Estreito de Ormuz, – Zelenskyy #shorts",2026-04-07 18:58:37+00:00,UC_96M-80Tg5dGG08Pbe4Ssw,UATV Português,22762,1330,News & Politics,38
oR3b-7_DooY,A Batalha pelo Estreito de Ormuz — Como os EUA estão tentando reabrir a rota do petróleo,2026-04-07 17:10:05+00:00,UCpL1kGiAgacw5aNepY3srzg,Uma Curiosidade,1774,103,Education,4
NAVPJflc-ss,Trump ameaça destruir o Irã inteiro se Estreito de Ormuz não for reaberto hoje,2026-04-07 09:54:25+00:00,UCbiGwU0-W1XCDUrt3BTVrag,Rádio CBN,17147,345,News & Politics,136
H5xTjlK9dIQ,"AO VIVO: TRUMP CONCEDE COLETIVA DE IMPRENSA URGENTE APÓS PRONUNCIAMENTO - ULTIMATO, GUERRA, IRÃ",2026-04-07 00:48:46+00:00,UCYiM773ssvNMaBHvaWWeIoQ,Folha Política,1273439,22938,People & Blogs,0
gBdPo-qyyFg,O dia em que o MUNDO PAROU (Estreito de Ormuz),2026-04-06 21:00:41+00:00,UCtXWjt7GelTcrlaHVey00WQ,AUVP Capital,1528,269,News & Politics,8
o1Kt-Y3ktxY,Além do Estreito de Ormuz: A Fenda de 33km que Pode Levar o Mundo de Volta à Idade das Trevas,2026-04-06 20:00:00+00:00,UCJvNZxRp_JUK3cZjuPP3PyA,Terra Sob Sigilo,916443,25644,Education,280
urjr3MKWwhk,Irã diz que Estreito de Ormuz não voltará a ser o que era | InfoMoney News,2026-04-06 12:05:23+00:00,UCxm0tptjIc76-i26EKQ9NpA,InfoMoney,9548,77,News & Politics,18
USC17i1Vp2I,Donald Trump dá novo prazo para Irã reabrir Estreito de Ormuz | #NewsPrimeiraEdição,2026-04-06 11:23:34+00:00,UC376n347Ob5Lwzq2WGzF1AA,SBT News,22221,744,News & Politics,186
tuThhkAjZYE,Irã fala em “nova ordem de segurança” em Ormuz e cessar-fogo pode entrar em vigor | #SBTNotícias,2026-04-06 09:23:48+00:00,UC-S82QSyHb-e3FddEO6Tq6w,SBT Jornalismo,18867,184,News & Politics,63
SrkOHoHNRFo,Crise energética global e o impacto do Estreito de Ormuz | GloboNews Internacional,2026-04-06 00:41:42+00:00,UCp6RRaz93Pt2xYZoEye_rLA,globonews,16492,592,News & Politics,30
1F1BDOxaM2g,MAS P Q OS EUA NÃO LIBERAM LOGO O ESTREITO DE ORMUZ? A MAIOR MARINHA DO PLANETA?,2026-04-06 00:00:20+00:00,UCMdZW8zUrxpO16ohEEnGB1A,Coronel Koury GRUPO B-38,6395,1102,Education,67
as_V1HFGyVA,O que é o Estreito de Ormuz? (e por que ele é tão importante),2026-04-05 22:00:02+00:00,UCRQm2AOObcoovLK6HREMjGA,The Marcos Mundi,1333,73,Entertainment,10
JRRS2p_dnHk,Trump volta fazer ameaças ao Irã caso país não reabra o estreito de Ormuz,2026-04-05 19:45:37+00:00,UCuiLR4p6wQ3xLEm15pEn1Xw,Record News,38225,0,News & Politics,0
Mai9pfetzfc,Trump exige que Irã reabra Estreito de Ormuz até terça: “Bastardos”,2026-04-05 15:43:24+00:00,UC9mdw2mmn49ZuqGOpSri7Fw,Metrópoles,18799,861,News & Politics,235
6cw_TSMcsv4,Trump estipula prazo de 48 horas para o Irã desbloquear estreito de Ormuz,2026-04-05 00:36:04+00:00,UCmpHPgeCBgvk_fDXZQKsnAA,Jornal da Record,5031,112,News & Politics,0
eWCNlsI9lnk,A VERDADE ASSUSTADORA SOBRE O ESTREITO DE ORMUZ,2026-04-05 00:15:02+00:00,UCwZwvDC6f0WhcVTG-3aBUTQ,Market Makers,253353,4912,News & Politics,162
sRVej7d_BU4,Estreito de Ormuz pode fechar completamente? #curiosidades #noticias #fatosreais #guerra,2026-04-04 21:45:02+00:00,UCmSmPUeWJ7Kq8yhZs9j1lWg,Sintonia da curiosidade,1594,40,People & Blogs,3
aQSSl_o1XpQ,Estreito de Ormuz: Irã diz que vai permitir passagem de navios com bens essenciais | AGORA CNN,2026-04-04 21:21:24+00:00,UCvdwhh_fDyWccR42-rReZLw,CNN Brasil,57558,298,News & Politics,112
S1SvG5TEoac,Trump dá 48 horas para o Irã reabrir Ormuz e ameaça ataques; veja análise | #NewsSábado,2026-04-04 20:40:43+00:00,UC376n347Ob5Lwzq2WGzF1AA,SBT News,47845,1229,News & Politics,216
2lMLE8_bDHg,Ultimato de Trump e resposta do Irã; as últimas atualizações da Guerra no Oriente Médio | AGORA CNN,2026-04-04 19:45:39+00:00,UCvdwhh_fDyWccR42-rReZLw,CNN Brasil,413480,6400,News & Politics,919
JqpBKZi9C5g,Trump dá prazo de 48 horas para Irã reabrir Estreito de Ormuz 'antes que o inferno se abata',2026-04-04 18:12:36+00:00,UCaGmdJSSiR7fkh2A-c6emsA,g1,52711,781,News & Politics,220
4UYP0k1EtSI,Irã anuncia fechamento do Estreito de Ormuz e ameaça navios | AGORA CNN,2026-04-04 16:45:35+00:00,UCvdwhh_fDyWccR42-rReZLw,CNN Brasil,36650,366,News & Politics,43
xArGOnz0K-Y,Irã libera navios com bens essenciais no estreito de Ormuz,2026-04-04 16:45:00+00:00,UCuiLR4p6wQ3xLEm15pEn1Xw,Record News,71099,0,News & Politics,0
TfqqJ1je-RU,UCRÂNIA fez algo para abrir o ESTREITO DE ORMUZ que nem os EUA esperavam,2026-04-04 15:00:44+00:00,UCtuUKQtq3Ibd9VZlg4Eaexw,Anussim Brasil,241663,17283,Education,140
iFvk-IWAhyA,E se o Estreito de Ormuz fechar hoje? 🚨 #petróleo #curiosidades #ira #ormuz #gasolina,2026-04-04 02:44:18+00:00,UCP7O68_BA158yu8EM2CkKWA,História Armada,1956,42,People & Blogs,0
qwQtrkm74TI,Estreito de Ormuz: Bahrein pressiona ONU por resolução | CNN PRIME TIME,2026-04-04 00:49:29+00:00,UCvdwhh_fDyWccR42-rReZLw,CNN Brasil,12654,67,News & Politics,42
49h16YtZLp8,China aposta em diplomacia para reabrir Estreito de Ormuz | CNN PRIME TIME,2026-04-04 00:30:46+00:00,UCvdwhh_fDyWccR42-rReZLw,CNN Brasil,7827,80,News & Politics,17
62bW7vXuPig,"Estreito de Ormuz: China e Rússia devem barrar resolução na ONU, diz especialista | HORA H",2026-04-03 21:36:14+00:00,UCvdwhh_fDyWccR42-rReZLw,CNN Brasil,7703,199,News & Politics,42
rMtrzHSABhY,A Construção de US$ 7 milhões por dia para Contornar o Estreito de Ormuz,2026-04-03 20:45:02+00:00,UCJZPuS18FOkZxDM8Lriq-bQ,Construction Time,225849,6432,Entertainment,172
cnMfU_Ip-nI,Duzentos e vinte e um navios atravessaram Estreito de Ormuz de março a abril | AFP,2026-04-03 19:27:38+00:00,UCamgdcs45ToPrIV7wmT7iYg,AFP Português,27486,449,News & Politics,0
o8Gtzmy2oqs,Por Que o Estreito de Ormuz Assusta o Mundo,2026-04-03 17:34:22+00:00,UCfwNAIe-IqJZR3ACR8eJsCw,Histórias da Humanidade,2831,75,People & Blogs,7
cXQ6YrI_xV8,O Estreito de Ormuz é um dos lugares mais importantes do planeta…,2026-04-03 15:14:11+00:00,UCiQ1DfWzDH7G4T_dJSGv-jA,ACASO & IMPACTO - ECOS DA HISTÓRIA,1705,71,Entertainment,2
gk0PcBZHAb8,"Trump diz que EUA poderiam reabrir ""facilmente"" Estreito de Ormuz para ""lucrar muito"" | #NewsManhã",2026-04-03 14:13:36+00:00,UC376n347Ob5Lwzq2WGzF1AA,SBT News,16725,359,News & Politics,55
vQiDBBCGSKc,"EUA soltou o ""JAVALI""! Irã PERDEU toda a MARINHA",2026-04-03 13:56:14+00:00,UCkCL7bCuLgg5PBzivCoebjA,Realidade Militar,1543522,78030,News & Politics,1117
8bHxBOzxAjY,Irã e Omã podem monitorar o Estreito de Ormuz; entenda,2026-04-03 12:22:52+00:00,UCY-FPXguTtLHSTK5YpQ-sgQ,TIMES BRASIL - LICENCIADO EXCLUSIVO CNBC,11064,158,People & Blogs,19
wPCnatrAsBM,Why It’s So Hard to Reopen the Strait of Hormuz by Force,2026-04-03 01:21:01+00:00,UCqnbDFdCpuN8CMEg0VuEBqA,The New York Times,424425,11243,News & Politics,892
ufJPok90OBs,Ormuz: 40 países ameaçam sancionar Irã se estreito não for reaberto,2026-04-03 00:27:32+00:00,UC9mdw2mmn49ZuqGOpSri7Fw,Metrópoles,9289,186,News & Politics,62
QZXVPMAM__g,Diplomacia busca evitar bloqueio total do Estreito de Ormuz | Jornal da Band,2026-04-02 23:33:47+00:00,UCoa-D_VfMkFrCYodrOC9-mA,Band Jornalismo,56735,309,People & Blogs,7
h1gOMJKzGaA,Golfo pressiona ONU e tensão no Estreito de Ormuz aumenta | O POVO News,2026-04-02 22:39:18+00:00,UCj-RTZE-V3Q6jleatRR9k2A,O POVO,773,25,News & Politics,3
UyN03TuOWb4,O Estreito de Ormuz: A Rota Que Pode Derrubar a Economia Global,2026-04-02 21:16:58+00:00,UCbHdwwNaU_zoNIg1iEprwNw,FEITO GEO,27795,569,Entertainment,21
rov5AgY0skw,China culpa EUA e Israel por fechamento do Estreito de Ormuz | LIVE CNN,2026-04-02 14:05:26+00:00,UCvdwhh_fDyWccR42-rReZLw,CNN Brasil,19760,502,News & Politics,170
VfkIp14Kr0A,Ucrânia faz manobra surpreendente e abre o Estreito de Ormuz – Nem os EUA esperavam por essa,2026-04-02 12:00:46+00:00,UCKsYertTKhKdFsD9Mqjn5iA,O Show Militar,367639,15673,News & Politics,353
pb0FVr1N2GU,Trump avalia encerrar guerra contra o Irã mesmo com Estreito de Ormuz fechado￼,2026-04-01 00:47:25+00:00,UC-JyA4Ch0aVb3YqJtyfkDoQ,Igor Silva ,1665,69,Education,1
SsE0jU6LHf4,Navios chineses cruzam Estreito de Ormuz após coordenação diplomática,2026-03-31 22:54:28+00:00,UCj-RTZE-V3Q6jleatRR9k2A,O POVO,6584,123,News & Politics,4
JIAVxgWFsk8,Irã ataca novamente navios no Estreito de Ormuz,2026-03-31 22:53:01+00:00,UCNl_i-ggJbZNyOLlhE7yyhw,Jornal da Gazeta,517021,31789,People & Blogs,1651
S-x9IImQX6M,Irã ataca novamente navios no Estreito de Ormuz,2026-03-31 22:45:23+00:00,UCNl_i-ggJbZNyOLlhE7yyhw,Jornal da Gazeta,14011,305,News & Politics,11
oHivV8x3sQs,EUA pressionam Irã para reabrir estreito de Ormuz | Jornal da Band,2026-03-31 22:41:31+00:00,UCoa-D_VfMkFrCYodrOC9-mA,Band Jornalismo,95881,956,News & Politics,96
jon0kSkj5ME,Estreito de Ormuz | Linha Vital de Energia ou Bomba-Relógio Global? |  Documentário 4K,2026-03-31 20:00:21+00:00,UCCNtvYm_sLjo3OhLXqhSF7A,Paisagens do Planeta ,142480,1569,Travel & Events,28
7eOX_WCHUDo,Jornal Hoje: Trump diz que os Estados Unidos não vão reabrir o Estreito de Ormuz,2026-03-31 17:05:22+00:00,UCaGmdJSSiR7fkh2A-c6emsA,g1,247232,3353,News & Politics,553
JpJ77DicO88,"Mesmo sem apoio, Trump pode invadir região do Estreito de Ormuz",2026-03-31 15:10:20+00:00,UCmQTY7b5w61WlmBbJ5a8XrQ,Rede TVT,27002,1406,News & Politics,30
B2IM127fJt0,Trump avalia encerrar guerra mesmo com estreito de Ormuz bloqueado | O POVO News,2026-03-31 13:22:23+00:00,UCj-RTZE-V3Q6jleatRR9k2A,O POVO,44909,297,News & Politics,106
E7sAqMGu3Xs,China confirma passagem de três navios pelo Estreito de Ormuz | CNN NOVO DIA,2026-03-31 12:29:44+00:00,UCvdwhh_fDyWccR42-rReZLw,CNN Brasil,22050,480,News & Politics,118
AlOgGJfS9Lw,Irã aprova pedágio para navios no Estreito de Ormuz,2026-03-31 10:47:47+00:00,UCP391YRAjSOdM_bwievgaZA,Jovem Pan News,54044,580,News & Politics,117
6q2coq7KrAY,Quem pode passar pelo estreito de Ormuz?,2026-03-30 21:00:13+00:00,UCFXt3EWSw3Jx5PokR5kTqig,Pepe Café,32998,3396,News & Politics,70
hRBQpHZ9Q2I,EUA toma medida extrema para destravar o Estreito de Ormuz e armadilha do Irã sai pela culatra,2026-03-30 20:00:20+00:00,UCOwCd00nlLm6oFM1ehXWKJg,Negócios e Geopolítica,10008,1221,Education,24
4dUIWdlTqfQ,"Navios de Paquistão, China e Índia cruzam Estreito de Ormuz | BASTIDORES CNN",2026-03-30 19:06:00+00:00,UCvdwhh_fDyWccR42-rReZLw,CNN Brasil,12484,249,News & Politics,50
yqxvUmHy7ac,Irã confirma morte de comandante da marinha responsável pelo Estreito de Ormuz | TEMPO REAL,2026-03-30 18:18:36+00:00,UCP391YRAjSOdM_bwievgaZA,Jovem Pan News,80920,799,News & Politics,35
I4GD77EuFBc,"Trump é culpado pela guerra e promete abrir o estreito de Ormuz, que ELE fechou",2026-03-30 16:20:00+00:00,UCzc8wM5icV7fr0yGu2q9Cuw,Leonardo Stoppa,330957,17178,Education,277
7N29GiC7qrI,Ataque a petroleiro eleva tensão no Estreito de Ormuz,2026-03-30 16:00:07+00:00,UCGxOyY_smQ1sC-UNwsfDcGQ,Área de Guerra,84403,1348,Entertainment,12
bkPSxjkxRTQ,Controle de Irã sobre Ormuz está mais firme do que nunca | InfoMoney News,2026-03-30 12:52:22+00:00,UCxm0tptjIc76-i26EKQ9NpA,InfoMoney,106947,8372,News & Politics,508
GRnaKYfxV0c,Irã confirma morte do comandante responsável pelo fechamento do Estreito de Ormuz,2026-03-30 12:04:41+00:00,UC9mdw2mmn49ZuqGOpSri7Fw,Metrópoles,2752,84,News & Politics,10
ZNpMaYXzIgk,O que os EUA acabaram de detectar no Estreito de Ormuz (E é assustador),2026-03-29 21:30:00+00:00,UCbAiIkPobUFy71zlmwVw3jw,Fatos Desconhecidos,383704,0,Education,612
UzYPVJMYJwQ,Irã BLOQUEOU o Estreito de Ormuz - Marinha dos EUA Assiste Crise de US$ 500 Bilhões se Desenrolar ,2026-03-29 17:04:48+00:00,UCpdAGE07RG7guxaqqDNrk_w,Dinheiro Revela Historia,26273,1577,News & Politics,90
ff151DJ9RxU,O ESTREITO DE ORMUZ: Por Que Este é o Ponto Mais Perigoso do Mundo? | Documentário 4K,2026-03-29 15:00:57+00:00,UCHGhcyouiaDA3gorxtEwbIA,Histórias Milenares,78564,2902,Education,78
XYo_GyRD4I0,Estreito de Ormuz: Onde a economia mundial prende a respiração,2026-03-29 14:15:06+00:00,UCgRNEUGOmuKif3FiNgTvmaA,Planeta Vivo,1859122,30440,Travel & Events,1046
BJUTSbE4HmM,"Com 3.200 navios presos no Estreito de Ormuz, EUA surpreendem o Irã com atitude inesperada",2026-03-29 10:00:00+00:00,UCmFO-xaAO-h_smlamxX_oog,Oracle Eyes em Português,18497,1147,News & Politics,60
x5_-Iv6eoa4,Can Trains Bypass the Strait of Hormuz?,2026-03-29 01:36:28+00:00,UCmSWzrCri_cYzhEKTpCJ-_Q,Ruby 3D,3803138,0,Entertainment,2650
EHf9Fn8zfYI,Irã Exige Controle do Estreito de Ormuz e Paz! #shorts,2026-03-28 12:56:38+00:00,UCZpgl0jPkYoQUZvlrC9b9MQ,Ronaldo Gomlevsky,724,41,News & Politics,1
Mu9YGNjIo74,"Trump, Irã e Estreito de Ormuz: Entenda a Tensão #shorts",2026-03-28 10:54:43+00:00,UC23whF6cXzlap-O76f1uyOw,História em Gotas,2757,237,News & Politics,13
TyHUnnDN--M,Criança brinca em praia no Estreito de Ormuz em meio ao conflito no Oriente Médio #shorts,2026-03-27 22:30:00+00:00,UCY-FPXguTtLHSTK5YpQ-sgQ,TIMES BRASIL - LICENCIADO EXCLUSIVO CNBC,327977,8296,People & Blogs,692
pWSiPOGFssQ,Análise: Estreito de Ormuz se transformou em ameaça direta ao comércio global | CNN 360°,2026-03-27 20:44:02+00:00,UCvdwhh_fDyWccR42-rReZLw,CNN Brasil,16012,181,News & Politics,29
FRWky0vCDOs,Milhares de toneladas de fertilizantes estão paradas no Estreito de Ormuz,2026-03-27 20:22:50+00:00,UCcmbSgSpK0dQhw3IBaBGo-g,Canal Rural,1969,64,News & Politics,0
KaJPGWBAoP4,Navios dão meia-volta no Estreito de Ormuz após alertas do Irã | BASTIDORES CNN,2026-03-27 19:05:48+00:00,UCvdwhh_fDyWccR42-rReZLw,CNN Brasil,16782,256,News & Politics,77
lE_pNh3TXJ8,Irã sinaliza abertura à Espanha sobre estreito de Ormuz | OP NEWS,2026-03-27 17:58:15+00:00,UCj-RTZE-V3Q6jleatRR9k2A,O POVO,2615,100,News & Politics,12
cL7dCP7_X3Q,USS Ford on Fire! Is America Retreating from the Strait of Hormuz? 🇺🇸🔥🇮🇷 #ussford,2026-03-27 16:30:00+00:00,UC6nJgWgZxF9Q-c8c3K9AiLA,Short Fact,660428,6555,Education,274
hKiHlC--mTQ,Irã permite passagem de 10 petroleiros pelo Estreito de Ormuz,2026-03-27 13:00:00+00:00,UCuiLR4p6wQ3xLEm15pEn1Xw,Record News,9101,0,News & Politics,0
IFwHVv_h3pA,Irã perdeu o controle do Estreito de Ormuz ... os EUA fizeram algo GIGANTE para abri-lo à força,2026-03-27 13:00:33+00:00,UCOwCd00nlLm6oFM1ehXWKJg,Negócios e Geopolítica,67355,6404,Education,235
V9ZytR1WKm4,Espanha pode ter passagem liberada no Estreito de Ormuz,2026-03-27 12:00:46+00:00,UCGxOyY_smQ1sC-UNwsfDcGQ,Área de Guerra,95461,2336,Entertainment,18
o5iN1gO5hWo,EUA acabam de enviar 2.500 fuzileiros para Ormuz AGORA,2026-03-27 00:32:17+00:00,UC9A70zHWT__VE5oWmTg2-xA,Canal Top10,283151,20925,Education,431
6T3Z45X69MA,Israel anuncia morte de comandante do Irã apontado como responsável por fechar o Estreito de Ormuz,2026-03-27 00:04:10+00:00,UCmpHPgeCBgvk_fDXZQKsnAA,Jornal da Record,219861,10176,News & Politics,322
3x20T1uIO_8,"Assim como o Estreito de Ormuz, o Estreito de Gibraltar #hormuz #gilbratar #estreito #viagem #navio",2026-03-26 22:45:16+00:00,UC5OpQ035TRdkic8D1ir-foA,Diário Viver,1971,56,People & Blogs,1
0v-mzCMw7KI,Trump diz que haverá compartilhada do Estreito de Ormuz.  #geopolitica #brics #economiaglobal #dolar,2026-03-26 18:34:57+00:00,UCwB9uPc7oQS-MXLny_ZiuSA, Vortex_Strategist_Brasil ,939,12,News & Politics,0
AUOV_dJT5ro,Algo GIGANTE acaba de entrar no Estreito de Ormuz! O ataque do Irã foi um verdadeiro tiro no pé.,2026-03-26 18:00:10+00:00,UCTVW0BGfQ3ubVP_cdc9clDQ,A Rede Geo,155535,8770,News & Politics,207
D_QZhtK-70M,Israel mata comandante do Irã que fechou Estreito de Ormuz,2026-03-26 12:13:05+00:00,UC9mdw2mmn49ZuqGOpSri7Fw,Metrópoles,5526,204,News & Politics,56
xsp_G5dZuUA,"Estreito de Ormuz: Risco, Geopolítica e o Alto Custo do Petróleo! #shorts",2026-03-26 11:02:28+00:00,UC23whF6cXzlap-O76f1uyOw,História em Gotas,7770,430,News & Politics,3
Xr3p5s9u93I,Irã mantém controle do estreito de Ormuz e ameaça atacar navios de países que apoiam Israel e os EUA,2026-03-26 01:27:43+00:00,UCmpHPgeCBgvk_fDXZQKsnAA,Jornal da Record,3603,86,News & Politics,0
niSgHu050mU,Irã mantém controle do estreito de Ormuz e ameaça atacar navios de países que apoiam Israel e os EUA,2026-03-26 00:49:22+00:00,UCmpHPgeCBgvk_fDXZQKsnAA,Jornal da Record,27266,626,News & Politics,12
HKSqMfM0zvc,Por que os EUA não conseguem controlar o Estreito de Ormuz,2026-03-26 00:32:07+00:00,UCthbIFAxbXTTQEC7EcQvP1Q,BBC News Brasil,882975,26651,News & Politics,789
v_I2ZtrLkw8,A ARMA QUE FECHOU O ESTREITO DE ORMUZ,2026-03-25 21:00:00+00:00,UC2O52c2GDCqFOMS-_lQxsog,RNFCURIOSIDADES,26238,997,Education,20
RJParm7dt2E,Quatro embarcações cruzam Estreito de Ormuz nas últimas 24 horas | CNN 360°,2026-03-25 19:32:48+00:00,UCvdwhh_fDyWccR42-rReZLw,CNN Brasil,9112,100,News & Politics,16
o1Qxnt9WRHA,How to Build the Impossible $200B Canal to Bypass the Strait of Hormuz,2026-03-25 16:30:31+00:00,UCVBICP0SNaKk8iuWIyNSpWw,NextGen Manufacturing,1675095,6030,Science & Technology,548
FO8LOuj6dOE,Otan discute plano para reabrir Estreito de Ormuz,2026-03-25 12:21:34+00:00,UCP391YRAjSOdM_bwievgaZA,Jovem Pan News,47994,802,News & Politics,121
2Rs2wBXT2Po,"“Irã libera passagem no Estreito de Ormuz, mas restringe navios ‘inimigos’”",2026-03-25 09:15:28+00:00,UCMIJMUzu_sSRX1lJfXi-PrQ,Geopolítica by Roberto,8540,439,News & Politics,8
U9GOIMgY_DU,OTAN diz que 22 países se mobilizam para reabrir Estreito de Ormuz: o que esperar? | OP NEWS,2026-03-24 22:52:05+00:00,UCj-RTZE-V3Q6jleatRR9k2A,O POVO,3116,51,News & Politics,2
zRLrcsOAQvw,Irã perde o controle do Estreito de Ormuz e EUA tomam atitude surpreendente para reabrir,2026-03-24 21:00:59+00:00,UCKsYertTKhKdFsD9Mqjn5iA,O Show Militar,292993,14161,News & Politics,315
adSshT6VtMc,Estreito de ORMUZ Existe uma profecia sobre isso !😱,2026-03-24 20:00:00+00:00,UCgToDpvjhpoS-gV9B1RUcPA, Rabino Yossef Baruch ,21832,2589,Education,170
G6NZNjsn8oY,Otan prepara operação para desbloquear Estreito de Ormuz | Brasil Urgente,2026-03-24 19:46:45+00:00,UCG-fFAxQjZgJmn0w7Brj5xQ,Brasil Urgente,142177,1242,News & Politics,165
0lq_COiUMrE,POR QUE O ESTREITO DE ORMUZ É TÃO IMPORTANTE PARA A ECONOMIA MUNDIAL?,2026-03-24 19:45:00+00:00,UCaC3mNKKYcuAtaSuCUzU5VA,Canal História e Tu,4511,536,Entertainment,22
-hG1ERjyd7E,Irã divulga imagens de navios no Estreito de Ormuz,2026-03-24 18:52:55+00:00,UCoja0MNI4SIvXqJR3szbSfw,BM&C NEWS,14756,0,News & Politics,15
s42tTC6NtAg,A Rota de Ormuz do Irã ACABOU: Arábia Saudita DESTRÓI as maiores esperanças do Irã,2026-03-24 15:00:00+00:00,UC7pj4tiJQV1ZwzNv3KhDJ3A,Relatório de Ponto de Pulso,203209,10132,News & Politics,233
s021aBt3r5A,"Irã não vai abrir o estreito de Ormuz para EUA e aliados, diz especialista | OP NEWS",2026-03-23 17:37:13+00:00,UCj-RTZE-V3Q6jleatRR9k2A,O POVO,5592,47,News & Politics,6
oeIoeIFmrU4,"News Is Moving Fast: Even as ""Straight Of Hormuz Talks Progress,"" This Crisis Is FAR From Over!",2026-03-23 12:38:47+00:00,UC24cdDLzkNJf2_CNNzdI-UQ,JNS TV,314604,12411,News & Politics,796
CfDOWWlcX2U,Os EUA fizeram algo GIGANTE para ACABAR com o Irã no Estreito de Ormuz... Teerã ordenou um recuo,2026-03-23 10:00:14+00:00,UCmFO-xaAO-h_smlamxX_oog,Oracle Eyes em Português,52034,3108,News & Politics,70
ieCiigAfUjI,"Irã não vai abrir Ormuz para os EUA e deve atacar pontos estratégicos, diz especialista | AGORA CNN",2026-03-22 21:33:03+00:00,UCvdwhh_fDyWccR42-rReZLw,CNN Brasil,166855,3757,News & Politics,619
A2Z0XF3FxLs,"Irã ameaça fechar ""totalmente"" Estreito de Ormuz em caso de ataque dos EUA",2026-03-22 19:26:41+00:00,UCj-RTZE-V3Q6jleatRR9k2A,O POVO,75120,992,News & Politics,188
XT3iAvcTYPQ,Estreito de Ormuz fechado: Trump dá ultimato ao Irã e ameaça com resposta militar imediata,2026-03-22 14:17:56+00:00,UCj-RTZE-V3Q6jleatRR9k2A,O POVO,240055,3774,News & Politics,975
yW4SOrjunbM,Irã afirma ter atingido caça F-15 que sobrevoava o Estreito de Ormuz,2026-03-22 13:11:14+00:00,UCWijW6tW0iI5ghsAbWDFtTg,Rádio BandNews FM,32890,396,News & Politics,102
_L6WWdkHB_Y,Trump ameaça Irã e ordena que Estreito de Ormuz seja liberado em 48 horas | AGORA CNN,2026-03-22 12:50:27+00:00,UCvdwhh_fDyWccR42-rReZLw,CNN Brasil,209290,2696,News & Politics,879
cdBVndmddHo,EUA destroem instalação iraniana no Estreito de Ormuz e Trump faz ameaça,2026-03-22 12:38:30+00:00,UCVFbXI6Gu8U2f9Gjtxw4A-Q,UOL,36556,964,News & Politics,251
m0s3rHXP3mU,Aliados dos EUA rejeitam pedido de TRUMP para reabrir ESTREITO DE ORMUZ,2026-03-22 00:00:06+00:00,UCvdwhh_fDyWccR42-rReZLw,CNN Brasil,79856,1294,News & Politics,267
8G58OZVgDZQ,EUA destroem instalação iraniana no Estreito de Ormuz | AFP,2026-03-21 18:13:59+00:00,UCamgdcs45ToPrIV7wmT7iYg,AFP Português,107259,2610,News & Politics,0
2BOWMyJSt6I,Estreito De Ormuz | A Salvação Ou a Destruição do Petróleo Mundial? | Documentário 4K,2026-03-21 15:30:02+00:00,UCUUn1PoTFYsJyP5EKFUi6vg,Sr Pedra,34567,901,Entertainment,12
9Uqeh3sAf74,"Após alta do petróleo, aliados dos EUA prometem ajudar a reabrir Ormuz",2026-03-21 00:40:20+00:00,UC9mdw2mmn49ZuqGOpSri7Fw,Metrópoles,23329,340,News & Politics,80
6sD9gJ7urac,"Guerra no Oriente Médio: Países que usam Ormuz devem proteger o estreito, diz Trump | CNN PRIME TIME",2026-03-21 00:06:20+00:00,UCvdwhh_fDyWccR42-rReZLw,CNN Brasil,23577,313,News & Politics,92
MgSgbg8qF9c,Trump amplia presença militar para desbloquear Estreito de Ormuz | Jornal da Band,2026-03-20 23:07:14+00:00,UCoa-D_VfMkFrCYodrOC9-mA,Band Jornalismo,153565,2368,News & Politics,241
Wh4Lt_63K1s,Guerra no Oriente Médio: Entenda por que é difícil reabrir o Estreito de Ormuz | CNN 360°,2026-03-20 21:12:53+00:00,UCvdwhh_fDyWccR42-rReZLw,CNN Brasil,239049,3100,News & Politics,381
UQywKkKrleE,"Se o Irã fechar Ormuz, o mundo trava: Prof. Hoc explica o risco global | Corte",2026-03-20 19:00:26+00:00,UCjt5Mt-yVu_R8LfuiLcd5KA,Podcast Café com Ferri,99515,3148,People & Blogs,309
UYCMA7jBkP8,Donald Trump ameaça tomar Ilha de Kharg para forçar reabertura do Estreito de Ormuz | TEMPO REAL,2026-03-20 17:36:04+00:00,UCP391YRAjSOdM_bwievgaZA,Jovem Pan News,65750,1817,News & Politics,226
BGZRwqzuHVw,"Jatos A-10 entram EM AÇÃO no Estreito de Ormuz, em missão INCOMUM: Caçar e destruir lanchas rápidas",2026-03-20 15:50:18+00:00,UCAw3I34RIEYtkdbmxFEei_A,Águias de Aço,107761,10522,Entertainment,347
o4fWyIIyA9k,El Estrecho de Ormuz Explicado: El Punto Más Peligroso del Mundo,2026-03-20 07:14:04+00:00,UC-d-aSN2XeLJTm0uSYuBf-A,StoryFrame,1037951,7772,Entertainment,182
e75B2Rvjct0,O PLANO SECRETO que pode TIRAR o PODER do ESTREITO DE ORMUZ (e contorná-lo),2026-03-19 22:49:16+00:00,UC8cup-A5DEuxhOngDgpSXDQ,Fronteira Econômica,197794,9406,Education,558
BSlKVB-aGfU,Irã mantém bloqueio no Estreito de Ormuz e amplia incertezas no mercado global | #JornaldoSBTNews,2026-03-19 22:44:16+00:00,UC376n347Ob5Lwzq2WGzF1AA,SBT News,102059,1377,News & Politics,81
hgwrqAxWbQQ,O IRÃ atacou NAVIOS no ESTREITO de ORMUZ e então foi isso que aconteceu,2026-03-19 22:00:55+00:00,UCtuUKQtq3Ibd9VZlg4Eaexw,Anussim Brasil,144602,17238,Education,237
Cj_OBdAJOTk,Por que os EUA NÃO conseguem abrir o Estreito de Ormuz?,2026-03-19 22:00:15+00:00,UCbnEhyg5_j1s22zwqaOP80w,Gustavo Cruz Estrategista,14457,325,Education,44
OF94jlqFXyo,Países se unem para reabrir Estreito de Ormuz em meio à alta do petróleo | Giro VEJA,2026-03-19 21:59:11+00:00,UCV6Ue4o5UIeKQ3IEkjnXRlg,VEJA+,8847,229,News & Politics,43
KzeXNyQ_RJ8,Países europeus e Japão falam em ajudar a liberar Estreito de Hormuz após ataques do Irã,2026-03-19 21:53:18+00:00,UCVFbXI6Gu8U2f9Gjtxw4A-Q,UOL,55330,795,News & Politics,204
pyn5aqmThRg,O que é o ESTREITO DE ORMUZ #shorts,2026-03-19 20:47:22+00:00,UCKmxr45WFqp-etB_s_YMydA,Fatos Curiosos em 60s,12022,0,Entertainment,4
LY0Bljn_lC4,O Estreito de Ormuz: A Obra-Prima Oculta e a Artéria Energética | Documentário de Viagem 4K,2026-03-19 20:00:14+00:00,UCecVXkOtguSra92M3CyAjVw,Viagem Irreal TV,289,7,Travel & Events,3
pRFeTZqbgZ4,Países europeus e Japão querem liberar o estreito de Ormuz | Brasil Urgente,2026-03-19 20:00:38+00:00,UCG-fFAxQjZgJmn0w7Brj5xQ,Brasil Urgente,15156,526,People & Blogs,120
1U7dovDculw,Guerra EUA-Irã: Europa e Japão se dizem prontos para liberarem Estreito de Ormuz | TEMPO REAL,2026-03-19 19:09:27+00:00,UCP391YRAjSOdM_bwievgaZA,Jovem Pan News,177233,2038,News & Politics,250
nRrCHbIdJm8,A importância do Estreito de Ormuz #ormuz #hormuz #estreitodeormiz #irã,2026-03-19 16:20:01+00:00,UCEQ12yB8QLw9pVOY3lo34_g,Paulo Rezzutti,21025,2108,Education,49
1-3bTsClflo,Como reabrir o Estreito de Ormuz? Por que a maior potência militar do mundo não passa por ali?,2026-03-19 16:00:00+00:00,UCxDFRhF3Y1A_Gd0-cF8gbqQ,Hoje no Mundo Militar,347918,33081,Science & Technology,1791
seyecd3bUZI,"VÁRIOS NAVIOS IRANIANOS FORAM DESTRUÍDOS NO ESTREITO DE ORMUZ, DIZEM OS EUA",2026-03-19 13:59:39+00:00,UC9T0ZAarQHL4cJGFzORVsFg,Itatiaia,7881,171,News & Politics,9
_SSHMyYQMpU,Estreito de Ormuz,2026-03-19 13:05:09+00:00,UCI_9FNoQfmnaHrqDoJww2vg,lógica do local,1063,36,People & Blogs,1
EGbpgF20BCE,Irã planeja criar pedágio para estreito de Ormuz,2026-03-19 12:13:38+00:00,UCP391YRAjSOdM_bwievgaZA,Jovem Pan News,13464,233,News & Politics,88
tYe_3I3nk90,Trump sinaliza recuo no Estreito de Ormuz e pressiona aliados da OTAN | O TEMPO News,2026-03-18 23:30:33+00:00,UCx7Ohl0Ln516T5pu5M8_SMA,O TEMPO,274688,18624,News & Politics,1189
bVWYGJoYeJ0,Estreito de Ormuz: Aviões dos EUA lançam a nova SUPER BOMBA GBU-72 para atacar bunkers de mísseis,2026-03-18 23:24:30+00:00,UCAw3I34RIEYtkdbmxFEei_A,Águias de Aço,89926,8535,Entertainment,162
rbzRrmMTVaI,Trump ameaça deixar aliados a resolverem estreito de Ormuz sozinhos l O POVO NEWS,2026-03-18 22:17:00+00:00,UCj-RTZE-V3Q6jleatRR9k2A,O POVO,4990,104,News & Politics,37
GZerGbe7Yds,O plano de US$ 100 bilhões para contornar o Estreito de Ormuz,2026-03-18 22:15:00+00:00,UCEj0Z4EXuD89CdAC3RJoBBQ,Linha do Tempo Doc.,46890,1926,People & Blogs,56
ffMOFK8NOlY,Navio indiano passa de maneira segura no Estreito de Ormuz,2026-03-18 22:11:16+00:00,UC9mdw2mmn49ZuqGOpSri7Fw,Metrópoles,2414,50,News & Politics,5
eOjCgO3Sv1E,O Estreito de Ormuz #geografia,2026-03-18 22:00:16+00:00,UCg59HqzqX8x8wqxwX4blk4A,Geografia online,3190,78,People & Blogs,1
_rt1R60vgP0,GUERRA NO IRÃ ESCALA! EUA ataca Estreito Ormuz e South Pars; Irã fala em retaliação geral no golfo!,2026-03-18 21:00:00+00:00,UCT6Imb3GXhF8GmjpIk6y2lg,Professor Ricardo Marcílio,184875,14210,Education,836
MtoEsSwQy2I,Irã: Otan discute com aliados como reabrir o Estreito de Ormuz | BASTIDORES CNN,2026-03-18 18:41:48+00:00,UCvdwhh_fDyWccR42-rReZLw,CNN Brasil,134086,913,News & Politics,114
x-Pb6pCM0hU,Who Controls the Strait Of Hormuz Oman or Iran?,2026-03-18 16:48:00+00:00,UCj7B_V7YGpvC9_0CQOuQfdg,Atlas Radar,1158895,6890,Education,115
gEq13lH5B8Y,EUA envia armamento poderoso ao Estreito de Ormuz ... O pior PESADELO do Irã!,2026-03-18 15:01:13+00:00,UCKsYertTKhKdFsD9Mqjn5iA,O Show Militar,292203,6982,News & Politics,212
kIR32Dh5PkM,"Estreito de Ormuz não deve fechar totalmente, avalia especialista | O POVO News",2026-03-18 14:58:27+00:00,UCj-RTZE-V3Q6jleatRR9k2A,O POVO,2179,68,News & Politics,14
IzWDKTUC4Q8,Iran Attacking U.S. Aircraft Carrier! The Battle for the Strait of Hormuz Has Begun!,2026-03-18 13:22:46+00:00,UCg5Inqh8saHbPKsAgWmJoIQ,Military Diary,1618482,16352,Science & Technology,1023
_reOiCaMN-E,EUA usam bomba de penetração contra Irã no Estreito de Ormuz,2026-03-18 10:51:37+00:00,UCP391YRAjSOdM_bwievgaZA,Jovem Pan News,254370,4406,News & Politics,330
O7rMcPGtZDc,EUA usam bomba de penetração contra posições do Irã no Estreito de Ormuz,2026-03-18 09:25:19+00:00,UCaGmdJSSiR7fkh2A-c6emsA,g1,109344,1548,News & Politics,216
eDLsgDHqm0Y,O Irã ATACOU navios no Estreito de Ormuz e então ISTO aconteceu,2026-03-18 00:01:00+00:00,UCtuUKQtq3Ibd9VZlg4Eaexw,Anussim Brasil,557166,33990,Education,719
G5jnOYFyzMA,Irã toma atitude imperdoável no Estreito de Ormuz - entenda o caso!,2026-03-17 23:30:06+00:00,UCbAiIkPobUFy71zlmwVw3jw,Fatos Desconhecidos,166033,0,Education,466
i-WmW29BjNw,Trump dispensa ajuda da OTAN no Estreito de Ormuz #shorts,2026-03-17 22:01:02+00:00,UCP391YRAjSOdM_bwievgaZA,Jovem Pan News,32633,1794,People & Blogs,162
7EBNjOuA-mI,E SE OS EUA PERDEREM A GUERRA CONTRA O IRÃ? | O que isso significa pro seu bolso?,2026-03-17 22:00:01+00:00,UCT4nDeU5pv1XIGySbSK-GgA,O Primo Rico,822187,47228,Education,1273
GmrKfQyvpcU,ORMUZ FECHADO: A solução de 300 BILHÕES que os Emirados Árabes não podem construir.,2026-03-17 21:46:54+00:00,UCOb-eTysx9aw_ny6TpBA37Q,Economia Raiz,923895,16919,Education,235
z2A9VqK4W7s,"Petroleiros ""começam a passar"" pelo Estreito de Ormuz, diz Casa Branca | CNN 360°",2026-03-17 20:39:42+00:00,UCvdwhh_fDyWccR42-rReZLw,CNN Brasil,14237,152,News & Politics,57
dWhUM2-9h-o,Casa Branca diz que petroleiros começaram a cruzar o Estreito de Ormuz  | Conexão Globonews,2026-03-17 16:23:01+00:00,UCp6RRaz93Pt2xYZoEye_rLA,globonews,5599,182,News & Politics,31
9WFHK-Wn-EE,A rare visit to the Strait of Hormuz,2026-03-17 16:01:12+00:00,UCZaT_X_mc0BI-djXOlfhqWQ,VICE News,50914,770,News & Politics,50
TcxY0bJZCqs,Países europeus e asiáticos se recusam a enviar navios ao Estreito de Ormuz,2026-03-17 16:00:00+00:00,UCuiLR4p6wQ3xLEm15pEn1Xw,Record News,28163,0,News & Politics,0
3TaP4gyFNaU,"""Não lutaremos no Estreito de Ormuz. Essa guerra não é nossa!” OTAN – E agora, Trump?",2026-03-17 15:00:00+00:00,UCxDFRhF3Y1A_Gd0-cF8gbqQ,Hoje no Mundo Militar,313807,32100,Science & Technology,4044
XnJh90g96-s,"Irã anuncia que o Estreito de Ormuz está aberto, mas proíbe navios de Israel e EUA",2026-03-17 13:39:49+00:00,UCXdXYG8dUmEv6jhEji_lSHg,Jornalismo TV Cultura,76164,1483,News & Politics,271
HiWJXcD3z48,Europa rejeitou ajudar EUA no estreito de Ormuz!Trump reage face ameaça petróleo global,2026-03-17 12:39:37+00:00,UCRC5-6ezRkopGxNga9ICxdQ,Joaquim Kanumbua,7144,699,News & Politics,69
DKl4prSmoHc,Estreito de Ormuz: Tensão Aumenta e Preços Disparam! #shorts,2026-03-17 12:30:28+00:00,UC23whF6cXzlap-O76f1uyOw,História em Gotas,38541,2723,News & Politics,110
I2Fu9gMwFKo,Irã: O Preço da Guerra Nuclear e o Estreito de Ormuz #shorts,2026-03-17 11:55:41+00:00,UC23whF6cXzlap-O76f1uyOw,História em Gotas,120534,3129,News & Politics,41
9cwdKgQNIpo,Países europeus rejeitam pedido de Trump para patrulhar o Estreito de Ormuz,2026-03-17 08:49:32+00:00,UCaGmdJSSiR7fkh2A-c6emsA,g1,339914,5338,News & Politics,559
ki7nOnWj9tY,Análise: Aliados dos EUA na Otan rejeitam ação no Estreito de Ormuz | WW,2026-03-17 02:50:08+00:00,UCvdwhh_fDyWccR42-rReZLw,CNN Brasil,89796,1635,News & Politics,253
sQt3BQ9hgpw,Trump recebe “não” de aliados para operação no Estreito de Ormuz | WW,2026-03-17 02:12:29+00:00,UCvdwhh_fDyWccR42-rReZLw,CNN Brasil,35146,316,News & Politics,115
8eHfye05l1w,Trump disse que espera ajuda dos países que dependem do petróleo que passa pelo estreito de Ormuz,2026-03-17 00:06:20+00:00,UCaIqJHHo9TJiLINzOFJRl2Q,Instituto Conhecimento Liberta,29628,1048,People & Blogs,222
Fna0qEXzOAg,Trump cobra aliados por segurança no Estreito de Ormuz | #JornaldoSBTNews,2026-03-16 22:56:32+00:00,UC376n347Ob5Lwzq2WGzF1AA,SBT News,23418,359,News & Politics,39
QqhZvov9N20,Trump pressiona aliados por ajuda no Estreito de Ormuz,2026-03-16 21:00:00+00:00,UCuiLR4p6wQ3xLEm15pEn1Xw,Record News,21414,0,News & Politics,0
NFGG7Bk0WxQ,Análise: Pedido de Trump para escoltar petroleiros no Estreito de Ormuz é rejeitado | CNN360°,2026-03-16 20:13:54+00:00,UCvdwhh_fDyWccR42-rReZLw,CNN Brasil,19831,351,News & Politics,81
OKE10isV-EQ,Petróleo cai após notícia de que navio teria atravessado o Estreito de Ormuz durante a guerra no Irã,2026-03-16 17:21:30+00:00,UCVFbXI6Gu8U2f9Gjtxw4A-Q,UOL,49805,554,News & Politics,112
zGv2QXMXdEk,Tensão no Estreito de Ormuz aumenta após Europa recusar pedido de Trump por apoio militar,2026-03-16 15:40:43+00:00,UCY-FPXguTtLHSTK5YpQ-sgQ,TIMES BRASIL - LICENCIADO EXCLUSIVO CNBC,25608,500,News & Politics,106
JrwZYbZgDvM,Por Que o Estreito de Ormuz é o Gargalo Mais Crítico do Mundo,2026-03-16 15:15:05+00:00,UCqScOvBvrb5kEYuyc4qU-aQ,Além do Mapa,29647,341,Education,6
YBQBq3IrvfE,Estreito de Ormuz continua fechado e opera sob “condições especiais” | CNN NOVO DIA,2026-03-16 13:16:24+00:00,UCvdwhh_fDyWccR42-rReZLw,CNN Brasil,84955,997,News & Politics,141
kGAG6FXQnoI,EUA podem assumir controle do Estreito de Ormuz,2026-03-15 23:54:06+00:00,UCGxOyY_smQ1sC-UNwsfDcGQ,Área de Guerra,21372,535,Entertainment,3
Cqu1mxosHhI,Estreito de Ormuz e pontos estratégicos nos mares #curiosidades #shorts #conhecimento,2026-03-15 23:46:11+00:00,UCY7tH2ES1KnGmXDD_c4_HAA,Geography Brazil,1651,41,Travel & Events,1
lJ8wmm_mGRE,Como o Irã mantém o Estreito de Ormuz como refém #historia #curiosidades #iran,2026-03-15 20:30:15+00:00,UCFokiP4eWfkiDLEW5Fj7jDA,Era Horrivel Ser,776,0,Education,0
4uvxkxRU2Vw,O Estreito de Ormuz é uma das rotas marítimas mais importantes do planeta.,2026-03-15 19:24:32+00:00,UC0q_kpcY5A1_4nX78I-w1Mg,Arlan Catulé,1646,14,Music,0
WQo_DiHehzo,«Estreito de Ormuz está aberto para os amigos. Irão está até a vender mais petróleo agora»,2026-03-15 17:07:15+00:00,UCsEC-wMKyvx5EIxKHsG0q3g,NOW Canal,18191,573,News & Politics,106
02sNadUGK-4,Trump pede ajuda para liberar estreito de Ormuz! Pressão pelo fim da guerra aumenta! Ataque nos EUA?,2026-03-15 17:00:00+00:00,UCT6Imb3GXhF8GmjpIk6y2lg,Professor Ricardo Marcílio,140329,11491,Education,1146
yLeAC7JDud0,Trump pede que países enviem navios de guerra a Ormuz| BandNewsTV,2026-03-15 14:59:03+00:00,UCoa-D_VfMkFrCYodrOC9-mA,Band Jornalismo,95087,2374,People & Blogs,507
hQIapvZcl0k,ESTREITO COMO ORMUZ - Eduardo Bueno,2026-03-15 14:00:00+00:00,UCQRPDZMSwXFEDS67uc7kIdg,Buenas Ideias,184644,27164,Education,931
iPuaESDEc2Q,Trump defende coalizão global para proteger navios no Estreito de Ormuz e conter o Irã,2026-03-15 11:27:15+00:00,UCVFbXI6Gu8U2f9Gjtxw4A-Q,UOL,26258,472,News & Politics,203
u0pPOlO11qk,Donald Trump pede que países enviem navios para ajudar na segurança do estreito de Ormuz,2026-03-15 01:50:49+00:00,UCmpHPgeCBgvk_fDXZQKsnAA,Jornal da Record,73280,876,News & Politics,0
Tjnf2xOcc5I,Trump pede que países envie navio de guerra para estreito de Ormuz,2026-03-15 01:02:28+00:00,UC6lE5IXws0T6361qAOI-5tQ,MundoSobTensão,57101,1412,News & Politics,41
ofMNyNDZWp0,Trump fala sobre bloqueio no Estreito de Ormuz,2026-03-15 00:00:57+00:00,UC1W7u394ANYo0RtQj1ZMEsA,jadiel COMENTARISTA,27295,734,News & Politics,4
C5C7B23wRQM,IMAGENS REAIS: IRÃ ATACA NAVIOS NO ESTREITO DE ORMUZ E TRUMP RESPONDE COM FORÇA TOTAL,2026-03-14 23:25:05+00:00,UCSwrQZMDy6tH8cRbsMeF0JQ,Diário Militar,64171,1472,People & Blogs,89
1MkFgLqZAZc,O Estreito de Ormuz: O Lugar Mais Importante do Petróleo no Mundo..,2026-03-14 23:02:31+00:00,UC7jOIvJOKfAGFv6gvtFu7fA,HistoéIncrível,34219,950,Entertainment,26
4MenPnZPMos,Trump pede que países enviem navios de guerra ao Estreito de Ormuz; especialista analisa,2026-03-14 22:41:32+00:00,UCP391YRAjSOdM_bwievgaZA,Jovem Pan News,64950,1196,News & Politics,210
Ml7A6DGLmko,"Irã lança ataques massivos no Estreito de Ormuz, petróleo explode e Trump faz novo alerta",2026-03-14 21:00:18+00:00,UC9nEkAo6rrS46ZOZ1BrxxTw,Central Guerra,15825,1495,People & Blogs,56
BGxIW-171zE,Trump pede que países afetados enviem navios de guerra ao estreito de Hormuz para mantê-lo aberto,2026-03-14 19:36:57+00:00,UCVFbXI6Gu8U2f9Gjtxw4A-Q,UOL,140626,3917,News & Politics,1278
7K5RTg_gHjc,Por que o Estreito de Ormuz é tão importante para a economia global?,2026-03-14 16:22:37+00:00,UCphn4Z4L2dGNoh7jz_99EOA,Correio do Povo play,4649,100,News & Politics,1
Drg1mpXiehA,Os Perigos Do Fechamento Do Estreito De Ormuz,2026-03-14 11:43:56+00:00,UC3J92eSzfJyDr4cHbvWYKTA,ARQUIVO 19,293064,3738,People & Blogs,96
gtlfj_2k2Vg,Análise: EUA enfrentam dificuldades para assegurar Estreito de Ormuz | WW,2026-03-14 02:23:12+00:00,UCvdwhh_fDyWccR42-rReZLw,CNN Brasil,148881,2461,News & Politics,372
FgrMoRd67rI,Estreito de Ormuz registra travessias de navios clandestinos de petróleo durante guerra no Irã,2026-03-13 21:44:40+00:00,UCVFbXI6Gu8U2f9Gjtxw4A-Q,UOL,17388,262,News & Politics,63
R4F3hESAxi4,🚨 B-2 Spirit Atacam o Irã e Guerra no Estreito de Ormuz! 💥✈️🌊,2026-03-13 21:00:28+00:00,UC960Xozkup-53I9CU_SUFCg,Anima Mapas,147265,3170,Education,49
TPxNsyYLb-E,Atualidades 2026 - Aula Extra - Ormuz e a geopolítica de estreitos e canais,2026-03-13 20:40:14+00:00,UCDIHFixMyJNKDtzAZcCE3xQ,Chá de Humanas - Vestibular ENEM e UERJ,1429,208,Education,31
qbqw1xuH3OQ,🌊 Entenda em 2 minutos o impacto do fechamento do estreito de Ormuz,2026-03-13 19:10:13+00:00,UCFCiSRbCVwQ_BQaDQBYxN_A,Poder360,3160,108,News & Politics,1
BgDHPsgCtlA,Quando Portugal Dominou o Estreito de Ormuz e o Golfo Pérsico | Histórias Desconhecidas,2026-03-13 18:50:01+00:00,UCHPnBPyHO8kKvor-aMcGavw,À Descoberta de Portugal,130811,6554,Travel & Events,499
TbI01CTVHDM,Ameaça de minas no Estreito de Ormuz trava navegação e desafia Marinha dos EUA | ANÁLISE EXCLUSIVA,2026-03-13 18:25:08+00:00,UCY-FPXguTtLHSTK5YpQ-sgQ,TIMES BRASIL - LICENCIADO EXCLUSIVO CNBC,64860,1593,News & Politics,107
YAx6OPsKWJQ,Navio turco com petróleo iraniano passa pelo Estreito de Ormuz | BASTIDORES CNN,2026-03-13 17:48:06+00:00,UCvdwhh_fDyWccR42-rReZLw,CNN Brasil,12328,93,News & Politics,12
wnsEL0bu7RM,Novo líder supremo do Irã afirma que manterá o Estreito de Ormuz fechado,2026-03-13 13:06:27+00:00,UCXdXYG8dUmEv6jhEji_lSHg,Jornalismo TV Cultura,2799,60,News & Politics,9
Yt3-AlTIxaU,Irã autorizou navios de alguns países a cruzarem o Estreito de Ormuz,2026-03-13 09:31:08+00:00,UCaGmdJSSiR7fkh2A-c6emsA,g1,10388,294,News & Politics,30
93uRXIe8tDA,Análise: Estreito de Ormuz fica sem previsão de normalização | WW,2026-03-13 02:31:16+00:00,UCvdwhh_fDyWccR42-rReZLw,CNN Brasil,129609,2173,News & Politics,190
vQhP6mew4qA,URGENTE - CAOS TOMA CONTA DO ORIENTE MÉDIO E DOS MERCADOS I Professor HOC,2026-03-13 00:42:16+00:00,UCkVBx-XpEXAgWHX5-P1hl-A,Professor HOC,436639,34997,Education,675
s20r-bKfO0Y,O que está acontecendo no ESTREIO DE ORMUZ agora?,2026-03-13 00:37:18+00:00,UC9A70zHWT__VE5oWmTg2-xA,Canal Top10,541734,22520,Education,406
-7U9SFDzeic,Irã pode afundar navios dos EUA no Estreito de Ormuz? #shorts,2026-03-13 00:00:37+00:00,UCv-QXC04JCxklAUQQe9vCuQ,Prof. JeanGrafia | GabaritaGeo | ,110619,5214,Education,140
ZMf0osM2C5c,JN: Novo líder supremo do Irã fala em vingança e diz que vai manter bloqueio do Estreito de Ormuz,2026-03-12 23:57:42+00:00,UCaGmdJSSiR7fkh2A-c6emsA,g1,657506,11148,News & Politics,1501
bRdQgfm8V7Q,Novo Líder Supremo do Irã diz que manterá Estreito de Ormuz fechado | Jornal da Band,2026-03-12 22:49:25+00:00,UCoa-D_VfMkFrCYodrOC9-mA,Band Jornalismo,146410,1159,People & Blogs,146
kpxEdp85AKA,Primeiro petroleiro com destino à Índia consegue atravessar Estreito de Ormuz em plena escalada,2026-03-12 22:39:15+00:00,UCWmo38weoCkNRC9rM2bWsjA,EFE BRASIL,11265,193,News & Politics,31
U6jLZiiRukQ,Análise: Escolta de navios dos EUA em Ormuz pode tornar petroleiros alvos mais visíveis | HORA H,2026-03-12 22:05:47+00:00,UCvdwhh_fDyWccR42-rReZLw,CNN Brasil,38155,423,News & Politics,84
PP5eFDV68gw,O CORREDOR DO PETRÓLEO: POR QUE O ESTREITO DE ORMuz É TÃO PERIGOSO?😳🔥 #curiosidades #petróleo #geopo,2026-03-12 21:02:00+00:00,UCZ3qkvJLZIi8vPdwKyhtULw,CURIOSIDADES PELO MUNDO,1877,90,People & Blogs,30
jeirQ5l6Kio,MAIS CRISE NO ORIENTE MÉDIO? EUA não escoltam navios no Estreito de Ormuz,2026-03-12 19:56:19+00:00,UCEsbaUdrM_87K-2um30hf8Q,Jovem Pan  - 3 em 1,37224,559,News & Politics,101
SKhQVgpgDBo,Irã bombardeia cargueiros no estreito de Ormuz,2026-03-12 19:37:35+00:00,UCNl_i-ggJbZNyOLlhE7yyhw,Jornal da Gazeta,174710,13073,People & Blogs,909
eCTvPBFdLAw,Irã ataca Estreito de Ormuz e EUA surpreendem ao cruzar limite inesperado,2026-03-12 18:00:47+00:00,UCOwCd00nlLm6oFM1ehXWKJg,Negócios e Geopolítica,73714,5939,Education,138
uQ7llCcTBOk,Mais navios são atingidos no Estreito de Ormuz,2026-03-12 17:01:22+00:00,UC376n347Ob5Lwzq2WGzF1AA,SBT News,26789,327,News & Politics,4
iP6WSIGEqRw,Novo aiatolá diz que Estreito de Ormuz seguirá bloqueado,2026-03-12 14:27:41+00:00,UCmQTY7b5w61WlmBbJ5a8XrQ,Rede TVT,41936,1926,News & Politics,56
-AVLwAxAue8,Estreito de Ormuz: O Perigo que Ameaça o Petróleo Mundial #shorts,2026-03-12 14:01:29+00:00,UC23whF6cXzlap-O76f1uyOw,História em Gotas,4899,225,News & Politics,1
2Bp4xoPeHug,Waack: Petróleo muda guerra sem planos de Trump | CNN Brasil,2026-03-12 03:21:05+00:00,UCvdwhh_fDyWccR42-rReZLw,CNN Brasil,337402,12193,News & Politics,369
3hpQFiB0Kxc,Análise: Irã atinge navios que tentavam cruzar Estreito de Ormuz | WW,2026-03-12 02:20:49+00:00,UCvdwhh_fDyWccR42-rReZLw,CNN Brasil,276300,4550,News & Politics,622
wChY-ktcbN0,Campo Minado: Como o Irã fechou o Estreito de Ormuz e como os EUA driblam isso,2026-03-12 01:32:38+00:00,UC8YyzW_5Kj8-JDJ44c_ikzw,Aitelly Brasil,149407,4260,Education,121
30foPU-ctUc,Ataques a Navios no Estreito de Ormuz Aumentam Tensão Global,2026-03-12 00:31:35+00:00,UC6lE5IXws0T6361qAOI-5tQ,MundoSobTensão,45415,1041,News & Politics,22
psaWl0DpwEc,Por que o Estreito de Ormuz é a peça-chave na guerra com o Irã? | Jornal da Band,2026-03-11 23:28:09+00:00,UCoa-D_VfMkFrCYodrOC9-mA,Band Jornalismo,93415,694,News & Politics,67
7phx2I7zQFA,A ameaça e a grande arma do Irã na guerra,2026-03-11 22:45:53+00:00,UC6a6CXRVF6mDg2i0CgbidGw,Kraken-BR,24064,983,News & Politics,41
89BWuJCYAgo,Irã reivindica ataque a dois navios na região do Estreito de Ormuz,2026-03-11 20:59:59+00:00,UC9mdw2mmn49ZuqGOpSri7Fw,Metrópoles,15281,347,News & Politics,43
hoq2aZDN7rw,França prepara missão no Estreito de Ormuz,2026-03-11 20:22:48+00:00,UCj-RTZE-V3Q6jleatRR9k2A,O POVO,2894,26,News & Politics,1
aJ1zi7rq3Mw,Trump não acredita que Irã tenha instalado minas no Estreito de Ormuz | CNN 360°,2026-03-11 19:34:26+00:00,UCvdwhh_fDyWccR42-rReZLw,CNN Brasil,50219,458,News & Politics,84
WT3wD2BG82E,Estreito de Ormuz vira campo de batalha e pode decidir rumo da guerra no Oriente Médio,2026-03-11 18:26:47+00:00,UCmQTY7b5w61WlmBbJ5a8XrQ,Rede TVT,104726,4465,News & Politics,231
549i74X8GQM,"'Se o Estreito de Ormuz parar, o mundo inteiro será afetado', afirma Lejeune Mirhan",2026-03-11 18:24:09+00:00,UCmQTY7b5w61WlmBbJ5a8XrQ,Rede TVT,93929,4263,News & Politics,258
vp-B8PqpS80,MARINHA TAILANDESA DIZ QUE TEVE NAVIO CARGUEIRO ATACADO NO ESTREITO DE ORMUZ,2026-03-11 17:30:00+00:00,UC9T0ZAarQHL4cJGFzORVsFg,Itatiaia,9855,134,News & Politics,2
EISt-Ac_9Sw,"Notícias do Irã, Minas marítimas do estreito de Ormuz.",2026-03-11 17:27:03+00:00,UCW9v_bh24azm9gaJ4iFv-qA,Eu Vi,9414,345,Entertainment,0
wDFDJbpC8dk,Irã realiza novos ataques contra navios no Estreito de Ormuz | AFP,2026-03-11 17:10:09+00:00,UCamgdcs45ToPrIV7wmT7iYg,AFP Português,7172,276,News & Politics,0
mVKsoc8uvkU,"Parabéns Trump, Você Transformou o Estreito de Ormuz num Canal Chinês!",2026-03-11 16:03:36+00:00,UCNlCllCWYAtU7TzBNKwaMHw,ARTE DA GUERRA,62568,9234,News & Politics,480
lRMp4dg_4yw,"Estreito de Ormuz: navio britânico é atingido e, tripulação, evacuada",2026-03-11 16:01:05+00:00,UC9mdw2mmn49ZuqGOpSri7Fw,Metrópoles,28820,498,News & Politics,147
JVgiqTM9Qe0,Estreito de Ormuz: entenda tipos de minas navais usadas pelo Irã | LIVE CNN,2026-03-11 15:52:31+00:00,UCvdwhh_fDyWccR42-rReZLw,CNN Brasil,111716,1570,News & Politics,221
bBGKNZ17iKc,Irã fecha o cerco em Ormuz: EUA falam em 6 mil minas e mercado entra em alerta,2026-03-11 15:30:06+00:00,UCRQymwBQwnqmyESSmmPZmyg,Prof. Julio Vitoria ,170734,3356,Education,441
VdrDcKhXFLI,Mais navios são atingidos no Estreito de Ormuz e guerra no Oriente Médio escala | #RadarNews,2026-03-11 15:17:53+00:00,UC376n347Ob5Lwzq2WGzF1AA,SBT News,122740,1092,News & Politics,72
sWaAUPShl5k,Irã começou a minar o Estreito de Ormuz “Não passará um litro de petróleo!”,2026-03-11 15:00:00+00:00,UCxDFRhF3Y1A_Gd0-cF8gbqQ,Hoje no Mundo Militar,342355,34245,Science & Technology,2514
AjuX7zxbme0,Navio britânico pega foto após ataque no Estreito de Ormuz,2026-03-11 15:00:00+00:00,UCuiLR4p6wQ3xLEm15pEn1Xw,Record News,34818,0,News & Politics,0
T31ODRhvvF4,😱 ESTREITO DE ORMUZ: O PONTO DO MAPA QUE PODE QUEBRAR A ECONOMIA MUNDIAL!,2026-03-11 15:00:50+00:00,UCRV-KNSI8zF3eafkyL374HQ,Fatos Chocantes,934,53,News & Politics,1
Ruho-XkvGSg,Três navios atingidos no Estreito de Ormuz #guerra #ira,2026-03-11 14:05:18+00:00,UCne4WRnUNzpnFbz3hrolOyg,Brasil Diario,31237,1366,News & Politics,28
Zstl8kDrR3c,🚨 EUA ATINGEM EMBARCAÇÕES DO IRÃ NO ESTREITO DE ORMUZ,2026-03-11 13:30:49+00:00,UCG0vTK7ulssbjBu1keeDtlg,Thomaz News,17093,141,People & Blogs,1
HJSAd-KOMyY,Reino Unido confirma novos ataques a navios no Estreito de Ormuz | Bora Brasil,2026-03-11 12:50:45+00:00,UCoa-D_VfMkFrCYodrOC9-mA,Band Jornalismo,87346,1662,News & Politics,166
qGHL_pqS0CQ,Navio britânico é atingido no Estreito de Ormuz,2026-03-11 12:21:28+00:00,UCWijW6tW0iI5ghsAbWDFtTg,Rádio BandNews FM,29449,1048,News & Politics,125
g2G1TA8nHk4,Irã começa a instalar minas no Estreito de Ormuz e Trump reage,2026-03-11 12:19:29+00:00,UC9mdw2mmn49ZuqGOpSri7Fw,Metrópoles,3947,131,News & Politics,34
D4ex3XfAFZ8,Navio cargueiro britânico é atingido no Estreito de Ormuz | Bora Brasil,2026-03-11 12:20:17+00:00,UCoa-D_VfMkFrCYodrOC9-mA,Band Jornalismo,37107,819,News & Politics,194
Jro7m6_mRGo,Navio cargueiro britânico é atingido no Estreito de Ormuz | InfoMoney News,2026-03-11 11:54:46+00:00,UCxm0tptjIc76-i26EKQ9NpA,InfoMoney,12184,261,News & Politics,139
PkTYJvJ9YGY,Três navios cargueiros são atingidos por ataques no Estreito de Ormuz | MORNING CALL,2026-03-11 11:36:24+00:00,UCqfm5IQhpMlfeAWMmVL_uNg,CNN Brasil Money,40499,843,News & Politics,198
9AAFV-117JM,EUA dizem que Irã pode instalar minas no Estreito de Ormuz,2026-03-11 11:30:05+00:00,UCP391YRAjSOdM_bwievgaZA,Jovem Pan News,11726,219,News & Politics,33
MjTX0FasSfE,Irã lança minas no Estreito de Ormuz,2026-03-11 10:00:37+00:00,UCJKHQdm7UA6TXKKtsB_fcLA,Diplomacia e Conflito,16455,348,News & Politics,4
tjJEidJ8vo0,Guerra do Oriente Médio:  EUA e Irã disputam a navegação do Estreito de Ormuz; entenda,2026-03-11 08:50:08+00:00,UCaGmdJSSiR7fkh2A-c6emsA,g1,231578,5061,News & Politics,389
7brfxByIUrI,EUA suspeitam que Irã tenha espalhado minas  no Estreito de Ormuz,2026-03-11 04:22:09+00:00,UCoa-D_VfMkFrCYodrOC9-mA,Band Jornalismo,127951,2393,People & Blogs,52
18G9pkDzuX0,EUA suspeitam que Irã tenha espalhado minas no Estreito de Ormuz | Jornal da Noite,2026-03-11 03:07:35+00:00,UCoa-D_VfMkFrCYodrOC9-mA,Band Jornalismo,12373,81,People & Blogs,7
JZmZd32rGuA,EUA divulgam vídeos de bombardeios a barcos do Irã próximo ao Estreito de Ormuz #shorts,2026-03-11 02:04:09+00:00,UCWeXgaH6wwyTRAkA3n6sRxg,Terra Brasil,5459,220,News & Politics,10
kq-2poAR-2I,"Irã inicia minagem do Estreito de Ormuz e Trump ameaça retaliação ""sem precedentes""",2026-03-11 01:54:19+00:00,UCP391YRAjSOdM_bwievgaZA,Jovem Pan News,14247,279,News & Politics,18
55PUQ1OXlng,VORCARO E CPI DO CRIME - IRÃ USA ESTREITO DE ORMUZ A SEU FAVOR - EUA TEM PCC E CV NA MIRA,2026-03-11 01:09:17+00:00,UC4ncvgh5hFr5O83MH7-jRJg,Flow Podcast,352966,19282,People & Blogs,1850
pcClMCUID3U,"JN: EUA faz bombardeio mais intenso no Irã, que instalou minas explosivas no estreito de Ormuz",2026-03-10 23:50:15+00:00,UCaGmdJSSiR7fkh2A-c6emsA,g1,504872,10147,News & Politics,1576
lUV0-LWU7YI,EUA suspeitam que Irã espalhou minas  no Estreito de Ormuz | Jornal da Band,2026-03-10 23:26:01+00:00,UCoa-D_VfMkFrCYodrOC9-mA,Band Jornalismo,104739,1330,People & Blogs,251
6b2YwgtHqcY,Trump anuncia a destruição de navios minadores do Irã no Estreito de Ormuz | AFP,2026-03-10 23:19:58+00:00,UCamgdcs45ToPrIV7wmT7iYg,AFP Português,14754,353,News & Politics,0
MhRvuu-dul0,IRÃ MINA O ESTREITO DE ORMUZ? — PETRÓLEO MUNDIAL EM RISCO,2026-03-10 23:17:10+00:00,UCeLwY_iqGhtq3AIdAEvT9-g,Parabólica,135135,13300,News & Politics,783
3bisod8Mp0Y,EUA divulgam vídeos de bombardeios a barcos do Irã próximo ao Estreito de Ormuz,2026-03-10 23:05:52+00:00,UCWeXgaH6wwyTRAkA3n6sRxg,Terra Brasil,2231,19,News & Politics,7
SvLxlkcaY9s,Irã instala minas no Estreito de Ormuz — Trump ameaça com consequências sem precedentes #ira #guerra,2026-03-10 23:03:42+00:00,UCne4WRnUNzpnFbz3hrolOyg,Brasil Diario,175103,4442,News & Politics,40
rfgLfa9CEHQ,Trump exige remoção de supostas minas navais no Estreito de Ormuz,2026-03-10 22:32:28+00:00,UCVFbXI6Gu8U2f9Gjtxw4A-Q,UOL,9304,190,News & Politics,78
_-3d-y3BZ9c,A importância do Estreito de Ormuz - #shorts,2026-03-10 22:30:23+00:00,UCkJ8uPxz6UvoI6ihgQJZnww,DW Brasil,16565,1648,News & Politics,30
Yv5ZhyaIeKo,Irã nega presença militar dos EUA no Estreito de Ormuz,2026-03-10 22:00:41+00:00,UCwhewR9UsxcBiG3LGZiA0bw,Portal Uai,3471,28,News & Politics,0
9XJvBX1d7To,Guerra no Oriente Médio: Irã começa a instalar minas no Estreito de Ormuz | CNN 360º,2026-03-10 21:29:51+00:00,UCvdwhh_fDyWccR42-rReZLw,CNN Brasil,42764,431,News & Politics,74
jC3rKGA1onk,Irã diz que nenhum navio dos EUA 'ousou' se aproximar do Estreito de Ormuz | AFP,2026-03-10 19:55:05+00:00,UCamgdcs45ToPrIV7wmT7iYg,AFP Português,21116,611,News & Politics,0
lMVj6wpRlD8,França e EUA juntos no Estreito de Ormuz: a tensão que pode afetar o petróleo global! 🌍,2026-03-10 18:14:34+00:00,UC-0Iji1E4yOOwgzeh8opnKA,HFNew Atualidades,8162,97,Entertainment,3
eUrqgSStOhY,Entenda o poder militar de EUA e Irã no Estreito de Ormuz | LIVE CNN,2026-03-10 16:32:43+00:00,UCvdwhh_fDyWccR42-rReZLw,CNN Brasil,171297,2187,News & Politics,432
8HgLrp6mbc0,França prepara missão de apoio no Estreito de Ormuz - #shorts,2026-03-10 15:20:00+00:00,UCkJ8uPxz6UvoI6ihgQJZnww,DW Brasil,11163,819,News & Politics,100
LV-BfEJiryQ,POR QUE O ESTREITO DE ORMUZ VAI CAUSAR A 3ª GUERRA MUNDIAL!,2026-03-10 15:00:43+00:00,UCIX5uq1meeqhtKdBIFwHGWg,Os Economistas Podcast,3634,120,Education,8
luo6ck1ZCcY,Bruno Carazza explica como um eventual bloqueio do Estreito de Ormuz pode afetar o mercado,2026-03-10 09:38:46+00:00,UCaGmdJSSiR7fkh2A-c6emsA,g1,3611,84,News & Politics,1
w2hqH8Ev3Uk,Cerca de 20% de todo o petróleo do mundo passa pelo Estreito de Ormuz,2026-03-10 02:00:48+00:00,UCKDjjeeBmdaiicey2nImISw,Brasil Paralelo,24813,556,Education,18
KkXnZegwPgc,Macron mobiliza navios de guerra para o Estreito de Ormuz em meio os conflitos no Oriente Médio,2026-03-10 01:42:11+00:00,UCvdwhh_fDyWccR42-rReZLw,CNN Brasil,121333,1151,News & Politics,178
t0wRvcebN8o,Conflito no Irã fecha Estreito de Ormuz e preço do petróleo dispara mais de 60% | #SBTBrasil,2026-03-10 00:09:13+00:00,UC376n347Ob5Lwzq2WGzF1AA,SBT News,1084,33,News & Politics,0
fgfDW6xPjKk,Trump diz que está “pensando” em assumir o controle do Estreito de Ormuz | HORA H,2026-03-09 22:47:03+00:00,UCvdwhh_fDyWccR42-rReZLw,CNN Brasil,44200,625,News & Politics,331
nRJn21UYPC4,"Manteremos o Estreito de Ormuz seguro, diz Trump | HORA H",2026-03-09 22:39:26+00:00,UCvdwhh_fDyWccR42-rReZLw,CNN Brasil,4126,70,News & Politics,24
OHEdSwgg61M,França lidera missão militar para estreito de Ormuz! Mojtaba Khamenei eleito novo líder supremo Irã!,2026-03-09 21:35:00+00:00,UCT6Imb3GXhF8GmjpIk6y2lg,Professor Ricardo Marcílio,115811,8289,Education,585
MWV4tYV42_Y,Irã Fecha o Estreito de Ormuz para Forçar uma Nova Crise do Petróleo,2026-03-09 20:30:04+00:00,UCVefLwZYu57oXJI63a1O1zQ,Felipe B Zorzi,49182,2765,News & Politics,167
3w73Oo2HvVk,A arma secreta do Irã: por que o Estreito de Ormuz pode mudar essa guerra - Geobrasil,2026-03-09 16:00:05+00:00,UCWmzfyR9Q2rnBlvxTyyV80g,Geobrasil,3036,295,Education,5
GDTVPCKukDQ,O Estreito de Ormuz: por que o Irã domina a economia global #historia #curiosidades #viral #feed,2026-03-09 15:36:24+00:00,UCV6dWcTj2e9F7K8bUopUklw,Eventos Históricos,676,36,People & Blogs,0
edJtBSmvV1Y,IRÃ PODE QUEBRAR SE FECHAR O ESTREITO DE ORMUZ?,2026-03-09 15:06:07+00:00,UC1m1ZZfQYChRZ3aPI6SqZng,Kritikê Podcast,2778,41,Autos & Vehicles,5
XNBDdylUtsM,O ESTREITO DE ORMUZ PODE QUEBRAR A ECONOMIA MUNDIAL! #shorts,2026-03-09 12:14:18+00:00,UCIX5uq1meeqhtKdBIFwHGWg,Os Economistas Podcast,632180,17979,Education,296
qqC8nXGwx0E,Pakistan Bypass Strait of Hormuz...#shorts,2026-03-08 19:14:20+00:00,UC6yGDRvQ-rGNMBI3lpkd_gA,GlobalLegacy,50758,0,Education,6
fhHztJLxfPI,Petróleo e guerra: pesquisador analisa o cenário no Estreito de Ormuz,2026-03-08 16:07:16+00:00,UCY-FPXguTtLHSTK5YpQ-sgQ,TIMES BRASIL - LICENCIADO EXCLUSIVO CNBC,17282,363,News & Politics,28
EVEjlPdMGAM,Guerra no Oriente Médio: Fechamento do Estreito de Ormuz impacta logística de navios do Brasil,2026-03-08 11:50:08+00:00,UCP391YRAjSOdM_bwievgaZA,Jovem Pan News,14687,250,News & Politics,15
vPr6vgUk2d8,LA HISTORIA COMPLETA DEL ESTRECHO DE ORMUZ: ¿Cómo puede parar el mundo y por qué es tan importante?,2026-03-07 19:00:52+00:00,UCyXW1IxB7h8TDXgtaMZQVMg,Vestigios Eternos,942896,9863,Education,312
ligbsQUp-7U,Explicador:  A importância do Estreito de Ormuz,2026-03-07 18:00:49+00:00,UCSHowP2FmEMP4Ny3yfOWnBg,Jornal de Negócios,587,3,News & Politics,0
YKo3kKua95U,Irã desafia EUA no estreito de Ormuz,2026-03-07 17:30:33+00:00,UC6lE5IXws0T6361qAOI-5tQ,MundoSobTensão,643801,12316,News & Politics,146
l4GsD0PuTEU,Irã ameaça atacar navios dos EUA e Israel no Estreito de Ormuz,2026-03-07 17:25:04+00:00,UCGxOyY_smQ1sC-UNwsfDcGQ,Área de Guerra,19933,392,Entertainment,2
isTaMk0W_dQ,Estreito de Ormuz fechado e crise no setor energético | BandNews TV,2026-03-07 16:10:35+00:00,UCoa-D_VfMkFrCYodrOC9-mA,Band Jornalismo,11745,245,News & Politics,19
BoAtoKDGemM,SE ISSO FOR REAL E O IRÃ TIVER ACESSO A ESSAS ARMAS TEREMOS GRANDES PROBLEMAS...... #shorts,2026-03-07 13:00:30+00:00,UCfMA8s_QXPPcuOTjTDFb4vA,PrimoCast,1045132,22863,Education,519
BLGFdv3DfTQ,O IMPACTO GLOBAL Que o FECHAMENTO do ESTREITO de ORMUZ pode CAUSAR - DANIEL LOPEZ,2026-03-07 06:28:16+00:00,UCvmWNQH4c2T3Triih3lftiw,Cortes do Inteligência [OFICIAL],169622,5541,Entertainment,189
Zx4fMJMGwkE,O tráfego de petróleo no Estreito de Ormuz praticamente parou: Veja a movimentação no vídeo,2026-03-06 21:38:21+00:00,UCxm0tptjIc76-i26EKQ9NpA,InfoMoney,40405,499,News & Politics,68
aSZV25r3Fp8,"Irã fecha o ESTREITO DE ORMUZ para EUA, Israel e Europa",2026-03-06 11:01:14+00:00,UCwfueQNsUHwnIEC1C586p-g,OCorre News,17178,316,News & Politics,0
V9rKySsfZWg,Especialista em investimentos internacionais explica impactos do Estreito de Ormuz | ESPECIAL GUERRA,2026-03-06 10:00:39+00:00,UCvdwhh_fDyWccR42-rReZLw,CNN Brasil,8507,128,News & Politics,11
3fpnD9-zd9s,Estreito de Ormuz: os países afetados pela guerra no Irã,2026-03-06 02:00:07+00:00,UCKDjjeeBmdaiicey2nImISw,Brasil Paralelo,50189,1987,Education,70
Fn2rhMezH2M,O ESTREITO DE ORMUZ: A PASSAGEM DE 40KM QUE CONTROLA O PREÇO DE TUDO,2026-03-05 21:00:28+00:00,UCaFy7I27Ht8hs6_kmZ8zWuw,Rafael Seabra,1647,79,People & Blogs,0
-txgqug5EyI,Bloquear o Estreito Ormuz é só o começo?,2026-03-05 19:19:34+00:00,UCOKSOW5uJHdW7Edz37mvAFw,José Kobori,64457,3779,Education,104
zrSK67mpV88,O que é o Estreito de Ormuz?,2026-03-05 18:01:10+00:00,UCKDjjeeBmdaiicey2nImISw,Brasil Paralelo,49380,2303,Education,24
DahQK0oqOn0,Irã afirma controlar totalmente o estreito de Ormuz,2026-03-05 17:00:20+00:00,UC1pqukgikWtpzkLiwMq2TGQ,Gazeta do Mundo,259387,7172,News & Politics,265
wqgrHs7BnBk,MUNDO CORRE PARA REABRIR ESTREITO DE ORMUZ,2026-03-05 14:55:17+00:00,UCxL_cyAp4LyN9a8dFsjuKuw,Caio Garé,8169,391,Education,38
e46BJb1xdNE,Irã FECHA Estreito de Ormuz e EUA AFUNDA navio iraniano,2026-03-05 14:39:35+00:00,UC-wcdrzucnlKGBjyEUaEWaQ,Morning Show,4339,169,News & Politics,26
7Sk81COiOVc,Estreito de Ormuz: Tensão piora e petroleiros ficam presos pelo 6º dia | CNN NOVO DIA,2026-03-05 13:12:57+00:00,UCvdwhh_fDyWccR42-rReZLw,CNN Brasil,21455,361,News & Politics,77
Bu5oUBTXxBE,"Irã diz que Estreito de Ormuz está fechado para os EUA, Israel e Europa | MORNING CALL",2026-03-05 11:00:13+00:00,UCqfm5IQhpMlfeAWMmVL_uNg,CNN Brasil Money,37447,812,News & Politics,178
erHPwpqgf1c,O Estreito de Ormuz foi fechado?,2026-03-05 02:00:38+00:00,UCKDjjeeBmdaiicey2nImISw,Brasil Paralelo,11126,782,Education,10
N6eZLuV82Sk,Estreitos no mundo.,2026-03-05 00:58:49+00:00,UCfnjnZmVBytVI-oESBmiq7g,brexplora 🇧🇷,8902,600,Education,9
L7YZBqD3Qvk,Passagem de petroleiros pelo Estreito de Ormuz cai em 90% #shorts,2026-03-04 22:00:20+00:00,UCY-FPXguTtLHSTK5YpQ-sgQ,TIMES BRASIL - LICENCIADO EXCLUSIVO CNBC,10180,159,News & Politics,4
YWe-mjoVaZU,"Bombardeios, petróleo e estreito ormuz: saiba como foi o 5º dia da guerra | #CentraldeNotícias",2026-03-04 18:47:53+00:00,UC376n347Ob5Lwzq2WGzF1AA,SBT News,56252,1238,News & Politics,105
iEV-6WDPwik,🚨 OS EFEITOS DO FECHAMENTO DO ESTREITO DE ORMUZ PELO IRÃ #fyp #economia #geopolítica,2026-03-04 18:43:07+00:00,UCmFPNmeqFpNEt8L1MmJ-lPg,A Ótica do Dinheiro - Deividi Guedes,2515,93,Education,18
oQKkRHH5yK0,O Único Ponto Que Pode Quebrar os Estados Unidos? Estreito de Ormuz | Prof. Jiang Xueqin,2026-03-04 16:15:50+00:00,UCnPGFN57cul1H2_HZEIgNKw,Prof. Jiang Brasil,487607,18668,Education,780
fkYPuY7CV6g,O Ponto Cego da Economia Global: O Segredo do Estreito de Ormuz 🛢️🗺️ #iran #geopolítica,2026-03-04 14:54:07+00:00,UCnPGFN57cul1H2_HZEIgNKw,Prof. Jiang Brasil,31407,2200,Education,54
AU2G7Cn76a8,Irã diz ter “controle total” do Estreito de Ormuz em resposta a Trump,2026-03-04 14:48:57+00:00,UC9mdw2mmn49ZuqGOpSri7Fw,Metrópoles,6069,168,News & Politics,87
mYUY7mr39J4,Irã anuncia que controla o Estreito de Ormuz; Chinesa Cosco suspende operações no Golfo | AFP,2026-03-04 14:44:38+00:00,UCamgdcs45ToPrIV7wmT7iYg,AFP Português,12342,421,News & Politics,0
2YugaovStqg,Guarda Revolucionária diz que Estreito de Ormuz está 'sob controle total' do Irã,2026-03-04 13:42:22+00:00,UCaGmdJSSiR7fkh2A-c6emsA,g1,144449,2224,News & Politics,506
cMdkt8dcZNQ,Trump diz que EUA vão escoltar navios no Estreito de Ormuz “se necessário”,2026-03-04 09:45:58+00:00,UCP391YRAjSOdM_bwievgaZA,Jovem Pan News,89662,1153,News & Politics,187
8444fOs2fno,Irã fecha Estreito de Ormuz: qual o impacto dessa decisão para China e EUA? | O POVO NEWS,2026-03-04 01:15:00+00:00,UCj-RTZE-V3Q6jleatRR9k2A,O POVO,2039,52,News & Politics,7
wkpCJVaaA_I,Trump diz que EUA 'podem escoltar petroleiros' no Estreito de Ormuz se necessário,2026-03-04 00:55:45+00:00,UCWeXgaH6wwyTRAkA3n6sRxg,Terra Brasil,12261,85,News & Politics,72
RK7sqhGgeQI,Como bloqueio do Estreito de Ormuz pelo Irã pode afetar Petrobras? Especialista explica,2026-03-03 22:50:56+00:00,UCVFbXI6Gu8U2f9Gjtxw4A-Q,UOL,1538,50,News & Politics,12
ZgQULbgm3wk,O Estreito de Ormuz #orientemedio #geopolítica,2026-03-03 22:19:53+00:00,UCN--aHgiYsfL_1CRChJxnIA,Aqui é História,4615,117,Education,0
4untvlP2a7s,Trump ameaça escoltar petroleiros no Estreito de Ormuz | #PoderExpresso,2026-03-03 21:51:21+00:00,UC376n347Ob5Lwzq2WGzF1AA,SBT News,3835,86,News & Politics,36
NWgEJxyNCRk,Médio Oriente. O que é o Estreito de Ormuz e porque é importante?,2026-03-03 21:38:03+00:00,UC35F6ktZodINwjQZjuwLcjg,Observador,5014,134,News & Politics,2
mamN4Au9mcs,Navios procuram novas rotas em meio ao fechamento do Estreito de Ormuz | BASTIDORES CNN,2026-03-03 19:11:31+00:00,UCvdwhh_fDyWccR42-rReZLw,CNN Brasil,22657,244,News & Politics,42
5J3lOxpex5I,ESTREITO DE ORMUZ FECHOU: Por que o preço de TUDO vai subir no Brasil,2026-03-03 18:09:27+00:00,UCxFlfzg_GdDwUdmrDhWwDnw,Rob Correa,65273,5038,Education,322
BCt6Ug05-zI,IRÃ FECHA ESTREITO DE ORMUZ! Nova crise do petróleo e crise global!? China exige reabertura!,2026-03-03 18:10:00+00:00,UCT6Imb3GXhF8GmjpIk6y2lg,Professor Ricardo Marcílio,122064,9687,Education,573
QvRxdPRcEAo,Por que o Estreito de Ormuz é tão importante? | #DWnaCarta,2026-03-03 17:00:48+00:00,UCDGz2exMIsPQ4k9VrsuhKTA,CartaCapital,2647,145,News & Politics,1
ix-tdhuJILU,QUAL o IMPACTO GLOBAL DO ESTREITO DE ORMUZ FECHADO. #RicardoMarcílio #Geopolítica #EstreitoDeOrmuz,2026-03-03 16:18:16+00:00,UCNqYyZ--2lsJoHtjxuMy-mQ,Cortes do Conhecimento Podcast,3921,0,People & Blogs,1
8jPTuOyrqMQ,A importância do Estreito de Ormuz para o Oriente Médio e para o mundo #curiosidades #history,2026-03-03 15:56:01+00:00,UCvI8QpMo3_EpIpcy0AGZsIw,TopTudo,6477,183,People & Blogs,0
-6ahbGb2gFE,ANIMAÇÃO DE RASTREAMENTO MARÍTIMO MOSTRA INTERRUPÇÃO NO ESTREITO DE ORMUZ,2026-03-03 15:50:00+00:00,UC9T0ZAarQHL4cJGFzORVsFg,Itatiaia,5313,27,News & Politics,0
qEIn25foCtg,"Irã fecha Ormuz, rota de 20% do petróleo mundial | Mercado",2026-03-03 15:40:38+00:00,UCV6Ue4o5UIeKQ3IEkjnXRlg,VEJA+,1867,36,News & Politics,4
C0uk_iSdNy0,Estreito de Ormuz: veja a redução do tráfego após os ataques dos EUA contra o Irã,2026-03-03 15:30:54+00:00,UCFCiSRbCVwQ_BQaDQBYxN_A,Poder360,422,3,News & Politics,0
MV0isszt-P4,Estreito de Ormuz: veja como estava o tráfego antes dos ataques dos EUA contra o Irã,2026-03-03 15:03:45+00:00,UCFCiSRbCVwQ_BQaDQBYxN_A,Poder360,1331,6,News & Politics,0
v533pKYaq-M,Fechamento do Estreito de Ormuz: entenda quais são os riscos | LIVE CNN,2026-03-03 14:40:50+00:00,UCvdwhh_fDyWccR42-rReZLw,CNN Brasil,32513,338,News & Politics,34
s34-iP-4Bys,Análise: Navios evitam o Estreito de Ormuz com fechamento do canal | LIVE CNN,2026-03-03 14:31:14+00:00,UCvdwhh_fDyWccR42-rReZLw,CNN Brasil,15857,170,News & Politics,16
